{"pose":{"position":{"x":-3.552713678800501e-15,"y":-0.22657187049157415,"z":0.586543798446638},"rotation":{"isEuler":true,"_x":2.5232613084355435,"_y":2.310187387929503e-7,"_z":-5.281714626927759e-9,"_order":"XYZ"},"scale":{"x":1.0000000128597337,"y":0.9999998936504426,"z":1.0000000128597337},"name":"root","children":[{"position":{"x":-0.9725253309729772,"y":0.4959042020930134,"z":-2.544738990752312e-7},"rotation":{"isEuler":true,"_x":-0.1658898014566709,"_y":-0.07822028955519997,"_z":1.3973299351026094,"_order":"XYZ"},"scale":{"x":0.999999821186066,"y":1.1839084891413245,"z":0.9999995827674868},"name":"crotch_right","children":[{"position":{"x":1.6898686853115759,"y":-0.040543128248274454,"z":-0.9296377480654786},"rotation":{"isEuler":true,"_x":1.4585542050614257,"_y":0.2577312458431933,"_z":-0.9438836143351474,"_order":"XYZ"},"scale":{"x":0.9999999999999998,"y":1.000000020340338,"z":1.0000002363757563},"name":"hip_right","children":[{"position":{"x":0.18634193316780717,"y":1.4778020052123055,"z":0.8610785491433237},"rotation":{"isEuler":true,"_x":-0.07572399693031709,"_y":-0.0017771759955460247,"_z":-0.011226515582863826,"_order":"XYZ"},"scale":{"x":0.9999998211860656,"y":0.9999994635581972,"z":0.9999996423721315},"name":"knee_right","children":[{"position":{"x":-2.9802322387695312e-8,"y":2.341166019439697,"z":1.7881393454821648e-7},"rotation":{"isEuler":true,"_x":-0.4578991166209433,"_y":0.3175481395822574,"_z":-0.7440954057588194,"_order":"XYZ"},"scale":{"x":0.9999999999999998,"y":0.9999998211860652,"z":0.9999998807907103},"name":"feet_right","children":[{"position":{"x":-3.203749658897692e-7,"y":0.6828674674034118,"z":1.9371509552001953e-7},"rotation":{"isEuler":true,"_x":4.728786701884367e-7,"_y":-9.546056487413934e-7,"_z":-7.417982066266124e-7,"_order":"XYZ"},"scale":{"x":1.0000001192092893,"y":0.9999998807907103,"z":1.0000001192092896},"name":"Bone012_end","children":[{"position":{"x":-1.1920928910669204e-7,"y":0.6828677654266359,"z":2.9802322165650708e-8},"rotation":{"isEuler":true,"_x":3.5739492729954715e-7,"_y":4.069880983469731e-7,"_z":6.910412617469801e-7,"_order":"XYZ"},"scale":{"x":0.9999999999999999,"y":0.9999999403953554,"z":1},"name":"Bone012_end_end","children":[]}]}]}]}]}]},{"position":{"x":-6.53338999817563e-15,"y":0.4959041691871861,"z":-8.991450734837531e-8},"rotation":{"isEuler":true,"_x":-2.5484988689422474,"_y":1.9770048619694227e-7,"_z":-1.332579929085526e-7,"_order":"XYZ"},"scale":{"x":1,"y":0.9999999403953556,"z":0.8219862974654654},"name":"spine_01","children":[{"position":{"x":-1.3079800980385725e-15,"y":1.268173337383955,"z":-2.3345366716177242e-8},"rotation":{"isEuler":true,"_x":-0.05114760622382165,"_y":-9.704455638672775e-14,"_z":4.2660592996271e-14,"_order":"XYZ"},"scale":{"x":1,"y":0.9999998807907106,"z":1.1500674065653103},"name":"spine_02","children":[{"position":{"x":5.754126071455044e-9,"y":1.3035868477299428,"z":-1.0767527850985469e-7},"rotation":{"isEuler":true,"_x":0.02107671294991532,"_y":0.028713271650108056,"_z":-1.7960130072825962,"_order":"XYZ"},"scale":{"x":1.0000000000000002,"y":1.0000001192092893,"z":0.9999997019767761},"name":"shoulder_01_left","children":[{"position":{"x":-2.4586915969848633e-7,"y":0.9416007399559021,"z":-3.539025772436588e-8},"rotation":{"isEuler":true,"_x":-0.9262083496364175,"_y":-0.05247629967462424,"_z":0.19553260074069562,"_order":"XYZ"},"scale":{"x":0.9999995231628417,"y":0.9999996423721313,"z":2.255325826233721},"name":"shoulder_02_left","children":[{"position":{"x":0.2591040650307697,"y":1.2177636563374579,"z":0.04776531653078969},"rotation":{"isEuler":true,"_x":2.961845517837857,"_y":-0.8792072757841973,"_z":-0.12283961741616123,"_order":"XYZ"},"scale":{"x":0.9999999403953553,"y":1.0000003576278687,"z":0.9999997615814211},"name":"elbow_left","children":[{"position":{"x":-2.682209014892578e-7,"y":1.4845403432846067,"z":-1.341104509666735e-7},"rotation":{"isEuler":true,"_x":0.09976450632845822,"_y":-0.022091019492678773,"_z":-0.11394266811291887,"_order":"XYZ"},"scale":{"x":0.9999999403953552,"y":0.9999998211860655,"z":0.9999999403953548},"name":"wrist_left","children":[{"position":{"x":7.450580596923828e-8,"y":0.6846354603767395,"z":1.1920928955078125e-7},"rotation":{"isEuler":true,"_x":-6.70539281667364e-8,"_y":0.0000031273817167384154,"_z":-8.419156250917633e-7,"_order":"XYZ"},"scale":{"x":1,"y":0.9999998211860658,"z":0.999999642372131},"name":"Bone016_end","children":[{"position":{"x":1.0430812924511201e-7,"y":0.684635102748871,"z":-2.9802322387695312e-8},"rotation":{"isEuler":true,"_x":1.639134103797809e-7,"_y":-0.0000018831341347749817,"_z":6.780029724226528e-7,"_order":"XYZ"},"scale":{"x":1,"y":1.0000000000000002,"z":1.0000000000000002},"name":"Bone016_end_end","children":[]}]}]}]}]}]},{"position":{"x":5.895792305754074e-9,"y":1.3035864898027636,"z":-7.396212967760582e-8},"rotation":{"isEuler":true,"_x":-0.023869164720040206,"_y":-0.01653719257921968,"_z":1.7535127040687284,"_order":"XYZ"},"scale":{"x":1.0000001192092896,"y":1.0000001192092893,"z":0.9999999403953551},"name":"shoulder_02_right","children":[{"position":{"x":-9.125088741052925e-8,"y":0.8992530703544619,"z":-3.58401493685545e-8},"rotation":{"isEuler":true,"_x":-0.04032113777575149,"_y":0.053121977481918145,"_z":1.1993624751614362,"_order":"XYZ"},"scale":{"x":0.9999999403953551,"y":0.999999761581421,"z":2.6429511167225312},"name":"shoulder_01_right","children":[{"position":{"x":2.6077032000415556e-7,"y":1.563113331794737,"z":-5.21540642894891e-8},"rotation":{"isEuler":true,"_x":1.6597708988622466,"_y":-0.7153086497832601,"_z":1.5633491163280826,"_order":"XYZ"},"scale":{"x":0.9999999403953551,"y":1.618529125190368,"z":0.999999821186066},"name":"elbow_right","children":[{"position":{"x":2.2351742678949904e-8,"y":1.4045748710632329,"z":7.450580596923828e-8},"rotation":{"isEuler":true,"_x":0.11802899961779408,"_y":0.06979228787447797,"_z":0.12840402443173174,"_order":"XYZ"},"scale":{"x":1.0000003211919666,"y":0.9999998211860657,"z":1.0000002015595348},"name":"wrist_right","children":[{"position":{"x":-2.533197385190533e-7,"y":0.6151750087738026,"z":-1.7881393388208267e-7},"rotation":{"isEuler":true,"_x":0.0000024102631407412065,"_y":0.0000022687006870867527,"_z":-7.413353954644056e-7,"_order":"XYZ"},"scale":{"x":1.0000001192092896,"y":1.0000002384185789,"z":1.0000001192092896},"name":"Bone020_end","children":[{"position":{"x":2.831220635712839e-7,"y":0.6151758432388301,"z":-2.086162567138672e-7},"rotation":{"isEuler":true,"_x":-0.0000014044340588017274,"_y":-0.0000016987329556948725,"_z":4.935997725627662e-7,"_order":"XYZ"},"scale":{"x":0.9999999403953553,"y":0.9999999999999998,"z":0.9999999403953551},"name":"Bone020_end_end","children":[]}]}]}]}]}]},{"position":{"x":-0.2610407573731334,"y":1.463436839462739,"z":-1.5603463281317027},"rotation":{"isEuler":true,"_x":0.1714889842388258,"_y":-0.28058534960832116,"_z":-0.5765252231975334,"_order":"XYZ"},"scale":{"x":0.8220656262632277,"y":1.4032907503896441,"z":0.7926505641095076},"name":"neck","children":[{"position":{"x":0.311964437928783,"y":0.7282866471112127,"z":2.197713561983728},"rotation":{"isEuler":true,"_x":-0.24364767968654633,"_y":-3.4855202336599913e-14,"_z":4.6375043164989094e-14,"_order":"XYZ"},"scale":{"x":1.3024757204589223,"y":1.3024758757261279,"z":1.3024758757261279},"name":"head","children":[{"position":{"x":-3.2959746043559335e-16,"y":1.0533632040023795,"z":-4.4703483564195734e-8},"rotation":{"isEuler":true,"_x":-9.639190778898931e-8,"_y":1.301446064173237e-18,"_z":4.215644069162302e-16,"_order":"XYZ"},"scale":{"x":1,"y":0.999999761581421,"z":0.9999997615814212},"name":"Bone004_end","children":[{"position":{"x":3.469446951953614e-18,"y":1.0533627271652222,"z":5.587935447692871e-8},"rotation":{"isEuler":true,"_x":-2.3283064382734194e-9,"_y":-1.8211224076089256e-20,"_z":1.3686490710650256e-17,"_order":"XYZ"},"scale":{"x":1,"y":1.0000000000000002,"z":1.0000000000000002},"name":"Bone004_end_end",