{"pose":{"position":{"x":-8.175128775225643e-11,"y":-0.22657173157131036,"z":0.5865437891182859},"rotation":{"isEuler":true,"_x":2.5665944732399537,"_y":0.08279675337789173,"_z":-0.08755441549489983,"_order":"XYZ"},"scale":{"x":1.000000121616239,"y":0.9999998090889052,"z":0.9999999008217694},"name":"root","children":[{"position":{"x":-2.5207778968360165e-8,"y":0.49590420722961515,"z":-2.980232949312752e-8},"rotation":{"isEuler":true,"_x":-0.1720377343859493,"_y":-0.12841933433516,"_z":1.4344651627748919,"_order":"XYZ"},"scale":{"x":0.999999821186066,"y":0.9999999403953553,"z":0.9999995827674868},"name":"crotch_right","children":[{"position":{"x":1.3380138144329467e-7,"y":0.7142819166397422,"z":-3.131263625562937e-8},"rotation":{"isEuler":true,"_x":0.06117645981985304,"_y":-0.6905641810205154,"_z":-1.8316619234282658,"_order":"XYZ"},"scale":{"x":0.9999999999999998,"y":0.9999999999999998,"z":1.0000002384185789},"name":"hip_right","children":[{"position":{"x":4.440657397983822e-16,"y":2.2185254096984868,"z":6.1478631958629344e-21},"rotation":{"isEuler":true,"_x":0.40301179855711977,"_y":0.21529111090155767,"_z":-0.10106596721450828,"_order":"XYZ"},"scale":{"x":0.9999998211860676,"y":0.9999994635581969,"z":0.9999996423721315},"name":"knee_right","children":[{"position":{"x":-2.980232238769531e-8,"y":2.341166019439697,"z":1.7881393454821648e-7},"rotation":{"isEuler":true,"_x":-0.8386087579295516,"_y":-0.7983995545543336,"_z":-0.5884988864678099,"_order":"XYZ"},"scale":{"x":0.9999999999999998,"y":0.9999998211860652,"z":0.9999998807907103},"name":"feet_right","children":[{"position":{"x":-3.203749658897692e-7,"y":0.6828674674034118,"z":1.9371509552001953e-7},"rotation":{"isEuler":true,"_x":4.728786701884367e-7,"_y":-9.546056487413934e-7,"_z":-7.417982066266124e-7,"_order":"XYZ"},"scale":{"x":1.0000001192092893,"y":0.9999998807907103,"z":1.0000001192092896},"name":"Bone012_end","children":[{"position":{"x":-1.1920928910669204e-7,"y":0.6828677654266359,"z":2.9802322165650708e-8},"rotation":{"isEuler":true,"_x":3.5739492729954715e-7,"_y":4.069880983469731e-7,"_z":6.910412617469801e-7,"_order":"XYZ"},"scale":{"x":0.9999999999999999,"y":0.9999999403953554,"z":1},"name":"Bone012_end_end","children":[]}]}]}]}]}]},{"position":{"x":-1.9337505664579577e-10,"y":0.4953272407240029,"z":0.0008152739335702819},"rotation":{"isEuler":true,"_x":-0.9327513735369263,"_y":0.18128164316023884,"_z":-0.34615449805865023,"_order":"XYZ"},"scale":{"x":1,"y":0.9999999862608787,"z":0.99999913663313},"name":"spine_01","children":[{"position":{"x":0.7408378349450813,"y":-0.20023522352328194,"z":-1.0830321109059682},"rotation":{"isEuler":true,"_x":-1.4426389291178356,"_y":-0.3101682486489708,"_z":-0.5994415292318986,"_order":"XYZ"},"scale":{"x":1,"y":0.9999998807907106,"z":1.0000003576295977},"name":"spine_02","children":[{"position":{"x":5.754126051120767e-9,"y":1.3035868406295785,"z":-1.490116110765827e-8},"rotation":{"isEuler":true,"_x":0.20374170181670373,"_y":0.11189439300037825,"_z":-1.5837237937877062,"_order":"XYZ"},"scale":{"x":1.0000000000000002,"y":1.0000001192092893,"z":0.9999997019767761},"name":"shoulder_01_left","children":[{"position":{"x":-2.458691596818585e-7,"y":0.9416007399559021,"z":-3.539025763747289e-8},"rotation":{"isEuler":true,"_x":0.16182800758054067,"_y":-0.23118893021429074,"_z":-1.1828902992901436,"_order":"XYZ"},"scale":{"x":0.9999995231641393,"y":0.9999996423724148,"z":0.9999999403959978},"name":"shoulder_02_left","children":[{"position":{"x":7.450579708745905e-9,"y":1.4634240865707389,"z":-1.86264513812873e-8},"rotation":{"isEuler":true,"_x":2.8868205391875126,"_y":1.04043860411223,"_z":-1.8846151903286636,"_order":"XYZ"},"scale":{"x":0.9999999403951799,"y":1.000000357626862,"z":0.9999997615843785},"name":"elbow_left","children":[{"position":{"x":-2.682209014892578e-7,"y":1.4845403432846067,"z":-1.341104509666735e-7},"rotation":{"isEuler":true,"_x":0.3006510180765112,"_y":-0.4916923159418518,"_z":-0.0625445883659622,"_order":"XYZ"},"scale":{"x":0.9999999403953552,"y":0.9999998211860655,"z":0.9999999403953548},"name":"wrist_left","children":[{"position":{"x":7.450580596923828e-8,"y":0.6846354603767395,"z":1.1920928955078125e-7},"rotation":{"isEuler":true,"_x":-6.70539281667364e-8,"_y":0.0000031273817167384154,"_z":-8.419156250917633e-7,"_order":"XYZ"},"scale":{"x":1,"y":0.9999998211860658,"z":0.999999642372131},"name":"Bone016_end","children":[{"position":{"x":1.0430812924511201e-7,"y":0.684635102748871,"z":-2.9802322387695312e-8},"rotation":{"isEuler":true,"_x":1.639134103797809e-7,"_y":-0.0000018831341347749817,"_z":6.780029724226528e-7,"_order":"XYZ"},"scale":{"x":1,"y":1.0000000000000002,"z":1.0000000000000002},"name":"Bone016_end_end","children":[]}]}]}]}]}]},{"position":{"x":5.895792254619007e-9,"y":1.3035864830017099,"z":1.4901161374629954e-8},"rotation":{"isEuler":true,"_x":-0.04085236600830084,"_y":-0.23957150550953413,"_z":1.8021515797974796,"_order":"XYZ"},"scale":{"x":1.0000001192092896,"y":1.0000001192092893,"z":0.9999999403953551},"name":"shoulder_02_right","children":[{"position":{"x":-9.126961320906096e-8,"y":0.8992530703544618,"z":-3.562308844475178e-8},"rotation":{"isEuler":true,"_x":0.3857868244142137,"_y":0.013867876454430463,"_z":1.0173903290560187,"_order":"XYZ"},"scale":{"x":0.9999999403953551,"y":0.9999997615810756,"z":0.9999999403963744},"name":"shoulder_01_right","children":[{"position":{"x":2.6077032000415376e-7,"y":1.563113331794737,"z":-5.21540642894895e-8},"rotation":{"isEuler":true,"_x":1.9427280175126187,"_y":-0.7325094721130575,"_z":1.0312697321386917,"_order":"XYZ"},"scale":{"x":0.9999999403973885,"y":0.9999998807898077,"z":0.999999821186066},"name":"elbow_right","children":[{"position":{"x":2.2351742678949894e-8,"y":1.4045748710632329,"z":7.45058059692383e-8},"rotation":{"isEuler":true,"_x":0.11802899961779408,"_y":0.06979228787447797,"_z":0.12840402443173174,"_order":"XYZ"},"scale":{"x":1.0000003576278689,"y":0.9999998211860657,"z":1.0000001192092896},"name":"wrist_right","children":[{"position":{"x":-2.533197385190533e-7,"y":0.6151750087738026,"z":-1.7881393388208267e-7},"rotation":{"isEuler":true,"_x":0.0000024102631407412065,"_y":0.0000022687006870867527,"_z":-7.413353954644056e-7,"_order":"XYZ"},"scale":{"x":1.0000001192092896,"y":1.0000002384185789,"z":1.0000001192092896},"name":"Bone020_end","children":[{"position":{"x":2.831220635712839e-7,"y":0.6151758432388301,"z":-2.086162567138672e-7},"rotation":{"isEuler":true,"_x":-0.0000014044340588017274,"_y":-0.0000016987329556948725,"_z":4.935997725627662e-7,"_order":"XYZ"},"scale":{"x":0.9999999403953553,"y":0.9999999999999998,"z":0.9999999403953551},"name":"Bone020_end_end","children":[]}]}]}]}]}]},{"position":{"x":-4.965665719589096e-16,"y":1.303586721420289,"z":-2.980232217892377e-8},"rotation":{"isEuler":true,"_x":0.6642882991263801,"_y":0.1890209495345894,"_z":0.03572264819877189,"_order":"XYZ"},"scale":{"x":0.9999999999999999,"y":1.0000000000000002,"z":0.999999761581421},"name":"neck","children":[{"position":{"x":-1.1657341758564144e-15,"y":0.5804949998855582,"z":0},"rotation":{"isEuler":true,"_x":-0.7553171559780224,"_y":-0.13276538520209452,"_z":0.28689621399790477,"_order":"XYZ"},"scale":{"x":0.9999999999998852,"y":1.000000119209175,"z":1.5152838394018124},"name":"head","children":[{"position":{"x":-3.2959746043559335e-16,"y":1.0533632040023795,"z":-4.4703483564195734e-8},"rotation":{"isEuler":true,"_x":-9.639190778898931e-8,"_y":1.301446064173237e-18,"_z":4.215644069162302e-16,"_order":"XYZ"},"scale":{"x":1,"y":0.999999761581421,"z":0.9999997615814212},"name":"Bone004_end","children":[{"position":{"x":3.469446951953614e-18,"y":1.0533627271652222,"z":5.587935447692871e-8},"rotation":{"isEuler":true,"_x":-2.3283064382734194e-9,"_y":-1.8211224076089256e-20,"_z":1.3686490710650256e-17,"_order":"XYZ"},"scale":{"x":1,"y":1.0000000000000002,"z":1.0000000000000002},"name":"Bone004_end_end","children":[]}]}]}]}]}]},{"position":{"x":5.1307940188163e-9,