{"pose":{"position":{"x":0,"y":-0.2265719920396796,"z":0.5865437984466553},"rotation":{"isEuler":true,"_x":2.5232613086700573,"_y":2.384186654717328e-7,"_z":-9.570875157657453e-14,"_order":"XYZ"},"scale":{"x":1,"y":1,"z":1.0000003576278687},"name":"root","children":[{"position":{"x":1.2969653094552225e-9,"y":0.49590414762496904,"z":5.960464521947983e-8},"rotation":{"isEuler":true,"_x":-0.15830353127620453,"_y":-0.14516662465189323,"_z":1.4653302426324035,"_order":"XYZ"},"scale":{"x":0.9999999403953552,"y":0.9999998807907107,"z":0.9999998807907107},"name":"crotch_right","children":[{"position":{"x":5.21540641784668e-8,"y":0.7142819166183475,"z":3.725290209644072e-8},"rotation":{"isEuler":true,"_x":0.8593426008744965,"_y":-0.06961199968354821,"_z":-0.9970529848680874,"_order":"XYZ"},"scale":{"x":0.9999999403953556,"y":1.0000000000000002,"z":1.00000011920929},"name":"hip_right","children":[{"position":{"x":-1.0248475016767564,"y":1.9064020492426625,"z":0.9999860956340871},"rotation":{"isEuler":true,"_x":1.045462828705142,"_y":-0.04808762469411294,"_z":0.8922629774017623,"_order":"XYZ"},"scale":{"x":1.6716141273448424,"y":1.4663627110634316,"z":2.173133101034115},"name":"knee_right","children":[{"position":{"x":5.960464499743523e-8,"y":2.3411667346954355,"z":5.960464455334602e-8},"rotation":{"isEuler":true,"_x":-0.20204229413994543,"_y":-0.10454197790112639,"_z":-0.5566192509007706,"_order":"XYZ"},"scale":{"x":1.0000001192092898,"y":1.0000001192092898,"z":1.0000000000000002},"name":"feet_right","children":[{"position":{"x":-3.7252903206663746e-8,"y":0.6828674077987671,"z":-1.043081283569336e-7},"rotation":{"isEuler":true,"_x":1.3085081431232945e-7,"_y":-1.4505349631589095e-7,"_z":-1.4901160717368166e-7,"_order":"XYZ"},"scale":{"x":0.9999999403953554,"y":1,"z":1},"name":"Bone012_end","children":[{"position":{"x":-4.440892098500626e-16,"y":0.6828674674034118,"z":0},"rotation":{"isEuler":true,"_x":-2.081668171172169e-17,"_y":-2.6020852139652094e-17,"_z":-1.3877787807814457e-17,"_order":"XYZ"},"scale":{"x":1.0000000000000002,"y":0.9999999999999997,"z":1},"name":"Bone012_end_end","children":[]}]}]}]}]}]},{"position":{"x":-1.9321350075429677e-14,"y":0.4959040880203247,"z":2.980232283178452e-8},"rotation":{"isEuler":true,"_x":-2.5484986305236688,"_y":1.977004331151391e-7,"_z":-1.3325840218677645e-7,"_order":"XYZ"},"scale":{"x":1.0000000000000002,"y":0.9999998211860657,"z":0.9999989867210389},"name":"spine_01","children":[{"position":{"x":6.747099526803795e-13,"y":2.0588999098649756,"z":0.019959906254208005},"rotation":{"isEuler":true,"_x":-0.19219703185729867,"_y":-0.16974828073777323,"_z":-0.7576718624446783,"_order":"XYZ"},"scale":{"x":1,"y":0.9999998807907106,"z":1.0000001192092896},"name":"spine_02","children":[{"position":{"x":2.4001423071240424e-9,"y":1.3035866022109985,"z":2.980232233218416e-8},"rotation":{"isEuler":true,"_x":0.6179159278681384,"_y":-0.1045120045237376,"_z":-1.739268707075897,"_order":"XYZ"},"scale":{"x":1.0000000000000002,"y":1.0000001192092896,"z":0.9999998807907108},"name":"shoulder_01_left","children":[{"position":{"x":-3.725290298461914e-8,"y":0.9416007399559019,"z":-5.2852556109428406e-8},"rotation":{"isEuler":true,"_x":0.009050205742161095,"_y":0.05590921596730809,"_z":-0.363785491774593,"_order":"XYZ"},"scale":{"x":0.9999997019767765,"y":0.9999998211860655,"z":0.9999998807907109},"name":"shoulder_02_left","children":[{"position":{"x":-7.45058068574167e-8,"y":1.4634227752685538,"z":6.705522559435906e-8},"rotation":{"isEuler":true,"_x":0.33667173088658336,"_y":0.09131878887020516,"_z":0.21418929014448865,"_order":"XYZ"},"scale":{"x":1,"y":1.0000001192092896,"z":0.999999761581421},"name":"elbow_left","children":[{"position":{"x":2.0116567611694336e-7,"y":1.4845396280288705,"z":9.685754776000977e-8},"rotation":{"isEuler":true,"_x":0.0997648662587724,"_y":-0.022088384165614913,"_z":-0.11394309610787351,"_order":"XYZ"},"scale":{"x":0.9999998211860662,"y":1.0000000000000004,"z":0.9999999403953557},"name":"wrist_left","children":[{"position":{"x":6.705522626049287e-8,"y":0.6846345067024235,"z":-5.960464455334602e-8},"rotation":{"isEuler":true,"_x":1.7136336935737624e-7,"_y":-2.1420416821543844e-7,"_z":1.3969840868474994e-7,"_order":"XYZ"},"scale":{"x":1.0000001192092898,"y":1,"z":0.9999999999999999},"name":"Bone016_end","children":[{"position":{"x":0,"y":0.6846348643302916,"z":-4.440892098500626e-16},"rotation":{"isEuler":true,"_x":-5.551115123125784e-17,"_y":-4.857225732735061e-17,"_z":-2.775557561562892e-17,"_order":"XYZ"},"scale":{"x":0.9999999999999999,"y":0.9999999999999999,"z":0.9999999999999999},"name":"Bone016_end_end","children":[]}]}]}]}]}]},{"position":{"x":1.9976591492110174e-9,"y":1.303586483001709,"z":8.940696699655248e-8},"rotation":{"isEuler":true,"_x":-0.07487929021047814,"_y":0.018335493152533192,"_z":1.362796234205005,"_order":"XYZ"},"scale":{"x":1.0000001192092896,"y":0.9999999999999998,"z":0.9999999403953553},"name":"shoulder_02_right","children":[{"position":{"x":5.774199696162441e-8,"y":0.8992529511451721,"z":-6.775371730327606e-8},"rotation":{"isEuler":true,"_x":0.06496360173128847,"_y":0.16980802655082108,"_z":0.5582309354528354,"_order":"XYZ"},"scale":{"x":1.0000001192092896,"y":0.9999998211860655,"z":1},"name":"shoulder_01_right","children":[{"position":{"x":1.2665986925952666e-7,"y":1.5631138086318987,"z":-5.5879354698973316e-8},"rotation":{"isEuler":true,"_x":0.3036199712210283,"_y":-0.033497272070749914,"_z":-0.06077364126833611,"_order":"XYZ"},"scale":{"x":0.9999999999999998,"y":1,"z":1.0000001192092896},"name":"elbow_right","children":[{"position":{"x":-8.881784197001252e-16,"y":1.4045732021331783,"z":0},"rotation":{"isEuler":true,"_x":0.11803013128221043,"_y":0.06979127871024665,"_z":0.12840424079245477,"_order":"XYZ"},"scale":{"x":1.0000001192092896,"y":0.9999999403953556,"z":0.9999999403953552},"name":"wrist_right","children":[{"position":{"x":-7.45058068574167e-8,"y":0.6151763200759881,"z":2.9802322387695312e-8},"rotation":{"isEuler":true,"_x":-1.0803331682718701e-7,"_y":9.015202161005537e-7,"_z":-1.9185238138439805e-7,"_order":"XYZ"},"scale":{"x":1,"y":1.0000001192092896,"z":1.0000001192092896},"name":"Bone020_end","children":[{"position":{"x":-1.7763568394002505e-15,"y":0.6151758432388299,"z":0},"rotation":{"isEuler":true,"_x":2.77555756156289e-17,"_y":-2.7755575615628914e-17,"_z":-3.469446951953615e-17,"_order":"XYZ"},"scale":{"x":1,"y":1.0000000000000004,"z":1.0000000000000002},"name":"Bone020_end_end","children":[]}]}]}]}]}]},{"position":{"x":3.469446951953614e-18,"y":1.3035866022109985,"z":2.980232233218416e-8},"rotation":{"isEuler":true,"_x":0.3311436176300049,"_y":8.1877441329951495e-16,"_z":-1.37703187054361e-14,"_order":"XYZ"},"scale":{"x":1,"y":1,"z":0.9999998211860659},"name":"neck","children":[{"position":{"x":-1.457167719820518e-16,"y":0.5804948806762695,"z":2.9802322387695312e-8},"rotation":{"isEuler":true,"_x":-0.24364759027957913,"_y":-3.892479712605096e-15,"_z":9.696606846662196e-15,"_order":"XYZ"},"scale":{"x":1,"y":1,"z":1.0000001192092896},"name":"head","children":[{"position":{"x":0,"y":1.0533628463745117,"z":-8.940696718390262e-8},"rotation":{"isEuler":true,"_x":-5.6345015765103845e-8,"_y":6.948228295303088e-22,"_z":-2.34574445676212e-16,"_order":"XYZ"},"scale":{"x":1.0000000000000002,"y":1,"z":0.9999999999999999},"name":"Bone004_end","children":[{"position":{"x":3.469446951953614e-18,"y":1.0533627271652222,"z":0},"rotation":{"isEuler":true,"_x":1.734723475976807e-18,"_y":6.310887241768095e-30,"_z":-1.4840445779470296e-29,"_order":"XYZ"},"scale":{"x":0.9999999999999999,"y":1,"z":1},"name":"Bone004_end_end","children":[]}]}]}]}]}]},{"position":{"x":-3.793213302488718e-9,"y":0.4959041476249695,"z":5.960464521947983e-8},"rotation":{"isEuler":true,"_x":-0.5696804775843519,"_y":0.02930975310376751,"_z":-1.3500131234400041,"_order":"XYZ"},"scale":{"x":0.9999997019767761,"y":0.9999998211860661,"z":0.9999997615814207},"name":"crotch_left",