{"pose":{"position":{"x":-0.9367417572921619,"y":0.7375194734687466,"z":0.13670353699715246},"rotation":{"isEuler":true,"_x":2.525785148839492,"_y":-0.06075238064018571,"_z":0.09446335684718225,"_order":"XYZ"},"scale":{"x":1,"y":0.9999998807907104,"z":1},"name":"root","children":[{"position":{"x":1.3160685672897101,"y":0.6029882707268525,"z":0.08028402279211073},"rotation":{"isEuler":true,"_x":-0.17201195672576458,"_y":0.26158324973438474,"_z":1.0913279997112417,"_order":"XYZ"},"scale":{"x":0.999999821186066,"y":0.9999999403953553,"z":0.9999995827674868},"name":"crotch_right","children":[{"position":{"x":-0.19897440787395024,"y":1.5610580058420693,"z":-0.03694657285849657},"rotation":{"isEuler":true,"_x":0.9481957935785307,"_y":-0.32849448357809014,"_z":-0.7569086686590033,"_order":"XYZ"},"scale":{"x":0.9999999999999998,"y":1.0588183063826693,"z":0.8998619949826306},"name":"hip_right","children":[{"position":{"x":4.440892098500626e-16,"y":2.2185254096984868,"z":0},"rotation":{"isEuler":true,"_x":-0.7249078553619449,"_y":-0.19723349272980992,"_z":0.6947916040454754,"_order":"XYZ"},"scale":{"x":1.2481406225282345,"y":1.2481401761582847,"z":1.2481403993432596},"name":"knee_right","children":[{"position":{"x":-2.9802322387695312e-8,"y":2.341166019439697,"z":1.7881393454821648e-7},"rotation":{"isEuler":true,"_x":-0.9441873689128136,"_y":0.42215747014375105,"_z":-0.817611126223199,"_order":"XYZ"},"scale":{"x":0.9999999999999998,"y":0.9999998211860652,"z":0.9999998807907103},"name":"feet_right","children":[{"position":{"x":-3.203749658897692e-7,"y":0.6828674674034118,"z":1.9371509552001953e-7},"rotation":{"isEuler":true,"_x":4.728786701884367e-7,"_y":-9.546056487413934e-7,"_z":-7.417982066266124e-7,"_order":"XYZ"},"scale":{"x":1.0000001192092893,"y":0.9999998807907103,"z":1.0000001192092896},"name":"Bone012_end","children":[{"position":{"x":-1.1920928910669204e-7,"y":0.6828677654266359,"z":2.9802322165650708e-8},"rotation":{"isEuler":true,"_x":3.5739492729954715e-7,"_y":4.069880983469731e-7,"_z":6.910412617469801e-7,"_order":"XYZ"},"scale":{"x":0.9999999999999999,"y":0.9999999403953554,"z":1},"name":"Bone012_end_end","children":[]}]}]}]}]}]},{"position":{"x":-1.3759826611448034e-14,"y":0.4959041476249699,"z":-5.9604644331301415e-8},"rotation":{"isEuler":true,"_x":-2.556920471319098,"_y":0.006050863252355347,"_z":0.5244038570021106,"_order":"XYZ"},"scale":{"x":1,"y":0.9999999403953556,"z":0.9999991655349734},"name":"spine_01","children":[{"position":{"x":1.176162695326856,"y":1.0408934101262992,"z":-0.010532381197481216},"rotation":{"isEuler":true,"_x":-0.03357141019568492,"_y":0.04928148288825324,"_z":-0.6407585186718439,"_order":"XYZ"},"scale":{"x":1,"y":0.9999998807907106,"z":1.0000003576278687},"name":"spine_02","children":[{"position":{"x":-0.0005959273089031534,"y":1.3003086124780414,"z":0.03633615492555247},"rotation":{"isEuler":true,"_x":-0.010134173952345183,"_y":0.0032242970670859797,"_z":-1.6079528628519213,"_order":"XYZ"},"scale":{"x":1.0000000000000002,"y":1.0000001192092893,"z":1.4507611075326585},"name":"shoulder_01_left","children":[{"position":{"x":-2.4586915969848633e-7,"y":0.9416007399559021,"z":-3.539025772436588e-8},"rotation":{"isEuler":true,"_x":-0.11608301666167278,"_y":0.2189062754762024,"_z":-2.025028073628867,"_order":"XYZ"},"scale":{"x":0.9999995231628417,"y":0.9999996423721313,"z":0.9999999403953553},"name":"shoulder_02_left","children":[{"position":{"x":0.033750413983988994,"y":1.6230628452005547,"z":0.9246495157249924},"rotation":{"isEuler":true,"_x":0.2365633659085712,"_y":0.780077984057749,"_z":-2.7410803925750478,"_order":"XYZ"},"scale":{"x":0.9999999403953553,"y":1.0000003576278687,"z":0.9999997615814211},"name":"elbow_left","children":[{"position":{"x":0.3275302845656468,"y":3.139114916258996,"z":-0.49852761265043766},"rotation":{"isEuler":true,"_x":0.09976450632845822,"_y":-0.022091019492678773,"_z":-0.11394266811291887,"_order":"XYZ"},"scale":{"x":0.9999999403953552,"y":0.9999998211860655,"z":0.9999999403953548},"name":"wrist_left","children":[{"position":{"x":7.450580596923828e-8,"y":0.6846354603767395,"z":1.1920928955078125e-7},"rotation":{"isEuler":true,"_x":-6.70539281667364e-8,"_y":0.0000031273817167384154,"_z":-8.419156250917633e-7,"_order":"XYZ"},"scale":{"x":1,"y":0.9999998211860658,"z":0.999999642372131},"name":"Bone016_end","children":[{"position":{"x":1.0430812924511201e-7,"y":0.684635102748871,"z":-2.9802322387695312e-8},"rotation":{"isEuler":true,"_x":1.639134103797809e-7,"_y":-0.0000018831341347749817,"_z":6.780029724226528e-7,"_order":"XYZ"},"scale":{"x":1,"y":1.0000000000000002,"z":1.0000000000000002},"name":"Bone016_end_end","children":[]}]}]}]}]}]},{"position":{"x":5.895792305754544e-9,"y":1.3035864830017099,"z":1.490116136038111e-8},"rotation":{"isEuler":true,"_x":-0.009629933573836092,"_y":-0.002684664873986233,"_z":1.601920679982939,"_order":"XYZ"},"scale":{"x":1.0000001192092896,"y":1.0000001192092893,"z":0.9999999403953551},"name":"shoulder_02_right","children":[{"position":{"x":-9.126961320049531e-8,"y":0.8992530703544619,"z":-3.562308847904205e-8},"rotation":{"isEuler":true,"_x":-0.07421082124403196,"_y":0.0526489213116446,"_z":1.3717253059314463,"_order":"XYZ"},"scale":{"x":1.0302103598740626,"y":1.0302101756580844,"z":1.32722291266636},"name":"shoulder_01_right","children":[{"position":{"x":-0.274940727600754,"y":2.606040807952115,"z":0.04463133989799506},"rotation":{"isEuler":true,"_x":0.07450049871705003,"_y":0.25345460264995207,"_z":1.1975564704025299,"_order":"XYZ"},"scale":{"x":0.9999999403953551,"y":0.9999998807907107,"z":0.999999821186066},"name":"elbow_right","children":[{"position":{"x":-0.2585872649105431,"y":1.0932233435479097,"z":-0.2643762730332293},"rotation":{"isEuler":true,"_x":-2.108225914365101,"_y":0.819649276881232,"_z":0.7442300368565552,"_order":"XYZ"},"scale":{"x":1.0000003576278689,"y":0.9999998211860657,"z":1.0000001192092896},"name":"wrist_right","children":[{"position":{"x":-2.533197385190533e-7,"y":0.6151750087738026,"z":-1.7881393388208267e-7},"rotation":{"isEuler":true,"_x":0.0000024102631407412065,"_y":0.0000022687006870867527,"_z":-7.413353954644056e-7,"_order":"XYZ"},"scale":{"x":1.0000001192092896,"y":1.0000002384185789,"z":1.0000001192092896},"name":"Bone020_end","children":[{"position":{"x":2.831220635712839e-7,"y":0.6151758432388301,"z":-2.086162567138672e-7},"rotation":{"isEuler":true,"_x":-0.0000014044340588017274,"_y":-0.0000016987329556948725,"_z":4.935997725627662e-7,"_order":"XYZ"},"scale":{"x":0.9999999403953553,"y":0.9999999999999998,"z":0.9999999403953551},"name":"Bone020_end_end","children":[]}]}]}]}]}]},{"position":{"x":0.06569183778107178,"y":1.037555554816743,"z":0.05492958572713557},"rotation":{"isEuler":true,"_x":0.3311438262462616,"_y":2.3895318116434035e-14,"_z":-7.497169074665198e-14,"_order":"XYZ"},"scale":{"x":1.0135018737586372,"y":1.0135018737586377,"z":1.0135016321209607},"name":"neck","children":[{"position":{"x":0.0005863860236478402,"y":0.5719209208481736,"z":-0.03486037922558063},"rotation":{"isEuler":true,"_x":-0.1787592063190886,"_y":0.039724996817457184,"_z":0.2874523043300547,"_order":"XYZ"},"scale":{"x":1.9934986077684218,"y":1.5303819373646665,"z":0.9411859388498774},"name":"head","children":[{"position":{"x":-3.2959746043559335e-16,"y":1.0533632040023795,"z":-4.4703483564195734e-8},"rotation":{"isEuler":true,"_x":-9.639190778898931e-8,"_y":1.301446064173237e-18,"_z":4.215644069162302e-16,"_order":"XYZ"},"scale":{"x":1,"y":0.999999761581421,"z":0.9999997615814212},"name":"Bone004_end","children":[{"position":{"x":3.469446951953614e-18,"y":1.0533627271652222,"z":5.587935447692871e-8},"rotation":{"isEuler":true,"_x":-2.3283064382734194e-9,"_y":-1.8211224076089256e-20,"_z":1.3686490710650256e-17,"_order":"XYZ"},"scale":{"x":1,"y":1.0000000000000002,"z":1.0000000000000002},"name":"Bone004_end_end","children":[]}]}]}]}]}]},{"position":{"x":1.4275998518536677,"y":0.5137515511453487,"z":0.013380933700261947},