{"pose":{"position":{"x":-4.2389158759490756e-11,"y":-0.22657197865825368,"z":0.5865437988344092},"rotation":{"isEuler":true,"_x":2.1397637733653716,"_y":0.14361143722995243,"_z":-0.009922995551329993,"_order":"XYZ"},"scale":{"x":1.0000000002837828,"y":0.999999823731434,"z":1.0000000004633423},"name":"root","children":[{"position":{"x":-2.5207778091713285e-8,"y":0.49590420722961515,"z":-2.980232949306374e-8},"rotation":{"isEuler":true,"_x":-0.41289002151490356,"_y":-0.4741849694636193,"_z":0.7381769869620353,"_order":"XYZ"},"scale":{"x":0.9999885155038021,"y":0.9999999403937267,"z":0.9999872559549853},"name":"crotch_right","children":[{"position":{"x":1.341104507446289e-7,"y":0.714281916618347,"z":-2.9802322387695312e-8},"rotation":{"isEuler":true,"_x":0.9746771930225417,"_y":0.2516887271667649,"_z":-0.8766077948763955,"_order":"XYZ"},"scale":{"x":0.0726169787239578,"y":0.9999999999999997,"z":1.0000002384185789},"name":"hip_right","children":[{"position":{"x":-2.3162910503306665e-13,"y":2.218525409698473,"z":5.98420485186991e-14},"rotation":{"isEuler":true,"_x":1.808673082665715,"_y":0.3780387701097257,"_z":-0.6655105250366801,"_order":"XYZ"},"scale":{"x":0.9999998416816185,"y":0.999999459784463,"z":0.999999642372135},"name":"knee_right","children":[{"position":{"x":-2.9802322387445937e-8,"y":2.341166019439697,"z":1.7881393454833792e-7},"rotation":{"isEuler":true,"_x":-0.9441873689128136,"_y":0.42215747014375105,"_z":-0.817611126223199,"_order":"XYZ"},"scale":{"x":0.9999999999999998,"y":0.9999998211860652,"z":0.9999998807907103},"name":"feet_right","children":[{"position":{"x":-3.203749658897692e-7,"y":0.6828674674034118,"z":1.9371509552001953e-7},"rotation":{"isEuler":true,"_x":4.728786701884367e-7,"_y":-9.546056487413934e-7,"_z":-7.417982066266124e-7,"_order":"XYZ"},"scale":{"x":1.0000001192092893,"y":0.9999998807907103,"z":1.0000001192092896},"name":"Bone012_end","children":[{"position":{"x":-1.1920928910669204e-7,"y":0.6828677654266359,"z":2.9802322165650708e-8},"rotation":{"isEuler":true,"_x":3.5739492729954715e-7,"_y":4.069880983469731e-7,"_z":6.910412617469801e-7,"_order":"XYZ"},"scale":{"x":0.9999999999999999,"y":0.9999999403953554,"z":1},"name":"Bone012_end_end","children":[]}]}]}]}]}]},{"position":{"x":-2.8896611872729384e-14,"y":0.4959041471263813,"z":-5.914613685804781e-8},"rotation":{"isEuler":true,"_x":-1.9879660388986993,"_y":0.09669753236763175,"_z":-0.19727466543339803,"_order":"XYZ"},"scale":{"x":1,"y":0.999999940326182,"z":1.0001977952105192},"name":"spine_01","children":[{"position":{"x":2.0142821793080913e-15,"y":1.2681733369638704,"z":-6.884384276349595e-9},"rotation":{"isEuler":true,"_x":-0.4198219668277149,"_y":-0.09785895923203093,"_z":0.09104389434297569,"_order":"XYZ"},"scale":{"x":1,"y":0.9999998807416306,"z":0.4907389380170897},"name":"spine_02","children":[{"position":{"x":5.544961363413072e-9,"y":1.3035868406036155,"z":-1.572756139430386e-8},"rotation":{"isEuler":true,"_x":-0.010134173952345183,"_y":0.00322429706708598,"_z":-1.6079528628519213,"_order":"XYZ"},"scale":{"x":1.0000000000000002,"y":0.7007031125238514,"z":-0.3455534741155378},"name":"shoulder_01_left","children":[{"position":{"x":-2.4569812491493546e-7,"y":0.9416007399654298,"z":-3.4496501448386775e-8},"rotation":{"isEuler":true,"_x":0.7161827018645207,"_y":0.30899002687600025,"_z":-1.10158815238355,"_order":"XYZ"},"scale":{"x":0.9999995231628669,"y":0.698778697856889,"z":0.9999999403953805},"name":"shoulder_02_left","children":[{"position":{"x":7.4505797100415186e-9,"y":1.4634240865707389,"z":-1.8626451381794105e-8},"rotation":{"isEuler":true,"_x":0.33667252544562815,"_y":0.09134371468014177,"_z":0.21418108975412048,"_order":"XYZ"},"scale":{"x":0.9999999403953553,"y":1.0000003576278687,"z":0.9999997615814211},"name":"elbow_left","children":[{"position":{"x":-2.682209014888221e-7,"y":1.4845403432846067,"z":-1.3411045096636329e-7},"rotation":{"isEuler":true,"_x":0.09976450632832115,"_y":-0.022091019493463614,"_z":-0.1139426681200139,"_order":"XYZ"},"scale":{"x":0.9999999403953552,"y":0.9999998211860655,"z":0.9999999403953548},"name":"wrist_left","children":[{"position":{"x":7.450580596923828e-8,"y":0.6846354603767395,"z":1.1920928955078125e-7},"rotation":{"isEuler":true,"_x":-6.70539281667364e-8,"_y":0.0000031273817167384154,"_z":-8.419156250917633e-7,"_order":"XYZ"},"scale":{"x":1,"y":0.9999998211860658,"z":0.999999642372131},"name":"Bone016_end","children":[{"position":{"x":1.0430812924511201e-7,"y":0.684635102748871,"z":-2.9802322387695312e-8},"rotation":{"isEuler":true,"_x":1.639134103797809e-7,"_y":-0.0000018831341347749817,"_z":6.780029724226528e-7,"_order":"XYZ"},"scale":{"x":1,"y":1.0000000000000002,"z":1.0000000000000002},"name":"Bone016_end_end","children":[]}]}]}]}]}]},{"position":{"x":5.3698267778406045e-9,"y":1.3035864827596002,"z":1.504772090900543e-8},"rotation":{"isEuler":true,"_x":-0.009629933573836092,"_y":-0.002684664873986233,"_z":1.601920679982939,"_order":"XYZ"},"scale":{"x":1.0000001192092896,"y":0.43911016014381654,"z":0.06456207424523724},"name":"shoulder_02_right","children":[{"position":{"x":-9.135771702491894e-8,"y":0.8992530695988269,"z":-3.52703884550643e-8},"rotation":{"isEuler":true,"_x":1.2009434421773193,"_y":-0.8446073803127322,"_z":1.8570023543780436,"_order":"XYZ"},"scale":{"x":0.9999999403949124,"y":1.4264596523210193,"z":0.9999999403953661},"name":"shoulder_01_right","children":[{"position":{"x":2.6077031018619805e-7,"y":1.5631133317947343,"z":-5.215405891328447e-8},"rotation":{"isEuler":true,"_x":0.3036202822099454,"_y":-0.03350346003052098,"_z":-0.06077164469628126,"_order":"XYZ"},"scale":{"x":0.9999999403953551,"y":0.36418089766205713,"z":0.999999821186066},"name":"elbow_right","children":[{"position":{"x":2.235174267776542e-8,"y":1.4045748710632329,"z":7.45058059702397e-8},"rotation":{"isEuler":true,"_x":0.11802899961779408,"_y":0.06979228787447797,"_z":0.12840402443173174,"_order":"XYZ"},"scale":{"x":1.0000003576278689,"y":0.9999998211860657,"z":1.0000001192092896},"name":"wrist_right","children":[{"position":{"x":-2.533197385190533e-7,"y":0.6151750087738026,"z":-1.7881393388208267e-7},"rotation":{"isEuler":true,"_x":0.0000024102631407412065,"_y":0.0000022687006870867527,"_z":-7.413353954644056e-7,"_order":"XYZ"},"scale":{"x":1.0000001192092896,"y":1.0000002384185789,"z":1.0000001192092896},"name":"Bone020_end","children":[{"position":{"x":2.831220635712839e-7,"y":0.6151758432388301,"z":-2.086162567138672e-7},"rotation":{"isEuler":true,"_x":-0.0000014044340588017274,"_y":-0.0000016987329556948725,"_z":4.935997725627662e-7,"_order":"XYZ"},"scale":{"x":0.9999999403953553,"y":0.9999999999999998,"z":0.9999999403953551},"name":"Bone020_end_end","children":[]}]}]}]}]}]},{"position":{"x":1.7394713706735303e-10,"y":1.3035867215811778,"z":-2.936787331672087e-8},"rotation":{"isEuler":true,"_x":0.3311438262462616,"_y":2.389534813289491e-14,"_z":-7.497173665135019e-14,"_order":"XYZ"},"scale":{"x":0.9911536457937211,"y":0.9999999999999265,"z":1.0670209568224844},"name":"neck","children":[{"position":{"x":-1.3729764533077111e-14,"y":0.5804949998855244,"z":5.098634536921178e-15},"rotation":{"isEuler":true,"_x":-0.24364767968654633,"_y":-3.4855202336599913e-14,"_z":4.6375043164989094e-14,"_order":"XYZ"},"scale":{"x":0.999998818828256,"y":0.999998938037405,"z":0.999998938037405},"name":"head","children":[{"position":{"x":-3.2959746043559335e-16,"y":1.0533632040023795,"z":-4.4703483564195734e-8},"rotation":{"isEuler":true,"_x":-9.639190778898931e-8,"_y":1.301446064173237e-18,"_z":4.215644069162302e-16,"_order":"XYZ"},"scale":{"x":1,"y":0.999999761581421,"z":0.9999997615814212},"name":"Bone004_end","children":[{"position":{"x":3.469446951953614e-18,"y":1.0533627271652222,"z":5.587935447692871e-8},"rotation":{"isEuler":true,"_x":-2.3283064382734194e-9,"_y":-1.8211224076089256e-20,"_z":1.3686490710650256e-17,"_order":"XYZ"},"scale":{"x":1,"y":1.0000000000000002,"z":1.0000000000000002},"name":"Bone004_end_end",