{"pose":{"position":{"x":0.2970466613937053,"y":-2.20320354748656,"z":2.799135988071548},"rotation":{"isEuler":true,"_x":2.966105908321329,"_y":-0.3467404069546154,"_z":-0.11645487776568199,"_order":"XYZ"},"scale":{"x":2.207897025868715,"y":0.18814446769683818,"z":1.9145172464473337},"name":"root","children":[{"position":{"x":-2.520777896836135e-8,"y":0.49590420722961515,"z":-2.980232949312267e-8},"rotation":{"isEuler":true,"_x":-0.16478845989528668,"_y":0.09096001197329083,"_z":1.2281735983174147,"_order":"XYZ"},"scale":{"x":1.1278067054963699,"y":0.5448982371310167,"z":1.1923097705536803},"name":"crotch_right","children":[{"position":{"x":1.341104507446289e-7,"y":0.714281916618347,"z":-2.9802322387695312e-8},"rotation":{"isEuler":true,"_x":0.984326540239751,"_y":-0.28963492311564826,"_z":-0.7485194448901434,"_order":"XYZ"},"scale":{"x":1.740833392635556,"y":0.9999999903636372,"z":1.0000002562739052},"name":"hip_right","children":[{"position":{"x":-0.06529572441165854,"y":2.214876488689546,"z":0.015764326098436143},"rotation":{"isEuler":true,"_x":-0.07572397216956343,"_y":-0.0017771740345088709,"_z":-0.011226500275205688,"_order":"XYZ"},"scale":{"x":1.0000025330201339,"y":1.0000021753912958,"z":1.000002388495899},"name":"knee_right","children":[{"position":{"x":-3.0844819358590486e-8,"y":2.3411660214381236,"z":1.7944445918737782e-7},"rotation":{"isEuler":true,"_x":-0.9441873689128136,"_y":0.42215747014375105,"_z":-0.817611126223199,"_order":"XYZ"},"scale":{"x":0.9999999999999998,"y":0.9999998211860652,"z":0.9999999359511745},"name":"feet_right","children":[{"position":{"x":-3.203749658897692e-7,"y":0.6828674674034118,"z":1.9371509552001953e-7},"rotation":{"isEuler":true,"_x":4.728786701884367e-7,"_y":-9.546056487413934e-7,"_z":-7.417982066266124e-7,"_order":"XYZ"},"scale":{"x":1.0000001192092893,"y":0.9999998807907103,"z":1.0000001192092896},"name":"Bone012_end","children":[{"position":{"x":-1.1920928910669204e-7,"y":0.6828677654266359,"z":2.9802322165650708e-8},"rotation":{"isEuler":true,"_x":3.5739492729954715e-7,"_y":4.069880983469731e-7,"_z":6.910412617469801e-7,"_order":"XYZ"},"scale":{"x":0.9999999999999999,"y":0.9999999403953554,"z":1},"name":"Bone012_end_end","children":[]}]}]}]}]}]},{"position":{"x":-1.3759826611483056e-14,"y":0.4959041476249699,"z":-5.960464433130148e-8},"rotation":{"isEuler":true,"_x":2.0862423108885535,"_y":0.7080559415001209,"_z":-0.44994443590527355,"_order":"XYZ"},"scale":{"x":1.0000000279138344,"y":0.9999999383726196,"z":0.9999992915618166},"name":"spine_01","children":[{"position":{"x":0.00000208473402888668,"y":1.2681838541561814,"z":-0.0000015667370164983326},"rotation":{"isEuler":true,"_x":0.2898018191942176,"_y":-0.1320703364117609,"_z":0.10310598039274681,"_order":"XYZ"},"scale":{"x":1,"y":0.9999998779758045,"z":0.9999999875447237},"name":"spine_02","children":[{"position":{"x":5.754126071455534e-9,"y":1.3035868406295785,"z":-1.4901161027314203e-8},"rotation":{"isEuler":true,"_x":-0.010134173952345183,"_y":0.0032242970670859797,"_z":-1.6079528628519213,"_order":"XYZ"},"scale":{"x":1.0000000000000002,"y":1.0000001192092893,"z":0.9999997019767761},"name":"shoulder_01_left","children":[{"position":{"x":-2.4586915969848633e-7,"y":0.9416007399559021,"z":-3.539025772436588e-8},"rotation":{"isEuler":true,"_x":-0.05245362940818647,"_y":0.004254966386543384,"_z":-1.0460133815821275,"_order":"XYZ"},"scale":{"x":0.9999995231628417,"y":0.9999996423721313,"z":0.9999999403953553},"name":"shoulder_02_left","children":[{"position":{"x":7.4505797087454084e-9,"y":1.4634240865707389,"z":-1.8626451381287268e-8},"rotation":{"isEuler":true,"_x":0.33667252544562815,"_y":0.09134371468014177,"_z":0.21418108975412048,"_order":"XYZ"},"scale":{"x":1.0000002047671486,"y":1.0000003434545903,"z":0.9999997615814211},"name":"elbow_left","children":[{"position":{"x":-2.682209014892578e-7,"y":1.4845403432846067,"z":-1.341104509666735e-7},"rotation":{"isEuler":true,"_x":0.0614612225933562,"_y":-0.2414116023939023,"_z":-2.096620586537406,"_order":"XYZ"},"scale":{"x":0.9999998384944404,"y":0.9999995774756504,"z":0.9999999101734616},"name":"wrist_left","children":[{"position":{"x":7.450580596923828e-8,"y":0.6846354603767395,"z":1.1920928955078125e-7},"rotation":{"isEuler":true,"_x":-6.70539281667364e-8,"_y":0.0000031273817167384154,"_z":-8.419156250917633e-7,"_order":"XYZ"},"scale":{"x":1,"y":0.9999998211860658,"z":0.999999642372131},"name":"Bone016_end","children":[{"position":{"x":1.0430812924511201e-7,"y":0.684635102748871,"z":-2.9802322387695312e-8},"rotation":{"isEuler":true,"_x":1.639134103797809e-7,"_y":-0.0000018831341347749817,"_z":6.780029724226528e-7,"_order":"XYZ"},"scale":{"x":1,"y":1.0000000000000002,"z":1.0000000000000002},"name":"Bone016_end_end","children":[]}]}]}]}]}]},{"position":{"x":5.895792305754544e-9,"y":1.3035864830017099,"z":1.490116136038111e-8},"rotation":{"isEuler":true,"_x":-0.009629933573836092,"_y":-0.002684664873986233,"_z":1.601920679982939,"_order":"XYZ"},"scale":{"x":1.0000001192092896,"y":1.0000001192092893,"z":0.9999999403953551},"name":"shoulder_02_right","children":[{"position":{"x":-9.126961320049531e-8,"y":0.8992530703544619,"z":-3.562308847904205e-8},"rotation":{"isEuler":true,"_x":-0.016547047680996026,"_y":0.0509602764997566,"_z":1.0206655188444818,"_order":"XYZ"},"scale":{"x":0.8762675512731533,"y":1.3845186853992821,"z":0.9999999403953552},"name":"shoulder_01_right","children":[{"position":{"x":2.6077032000415556e-7,"y":1.563113331794737,"z":-5.21540642894891e-8},"rotation":{"isEuler":true,"_x":0.30362028220993065,"_y":-0.03350346003052463,"_z":-0.06077164469632949,"_order":"XYZ"},"scale":{"x":0.9999999403953551,"y":0.9999998807907107,"z":1.0000001153120055},"name":"elbow_right","children":[{"position":{"x":-5.252913127165091e-8,"y":1.4045748383894125,"z":7.497425207440399e-8},"rotation":{"isEuler":true,"_x":0.11802899961779408,"_y":0.06979228787447797,"_z":0.12840402443173174,"_order":"XYZ"},"scale":{"x":1.0000003721187831,"y":0.9999998281332633,"z":1.0000001192092896},"name":"wrist_right","children":[{"position":{"x":-2.533197385190533e-7,"y":0.6151750087738026,"z":-1.7881393388208267e-7},"rotation":{"isEuler":true,"_x":0.0000024102631407412065,"_y":0.0000022687006870867527,"_z":-7.413353954644056e-7,"_order":"XYZ"},"scale":{"x":1.0000001192092896,"y":1.0000002384185789,"z":1.0000001192092896},"name":"Bone020_end","children":[{"position":{"x":2.831220635712839e-7,"y":0.6151758432388301,"z":-2.086162567138672e-7},"rotation":{"isEuler":true,"_x":-0.0000014044340588017274,"_y":-0.0000016987329556948725,"_z":4.935997725627662e-7,"_order":"XYZ"},"scale":{"x":0.9999999403953553,"y":0.9999999999999998,"z":0.9999999403953551},"name":"Bone020_end_end","children":[]}]}]}]}]}]},{"position":{"x":-5.134781488891349e-16,"y":1.303586721420289,"z":-2.980232222116186e-8},"rotation":{"isEuler":true,"_x":0.3311438262462616,"_y":2.3895318116434035e-14,"_z":-7.497169074665198e-14,"_order":"XYZ"},"scale":{"x":1.1276012620816456,"y":0.9794188816266347,"z":1.4913522971163138},"name":"neck","children":[{"position":{"x":-1.1657341758564144e-15,"y":0.5804949998855582,"z":0},"rotation":{"isEuler":true,"_x":-0.24364767968654633,"_y":-3.4855202336599913e-14,"_z":4.6375043164989094e-14,"_order":"XYZ"},"scale":{"x":1,"y":1.0000001192092898,"z":1.0000001192092898},"name":"head","children":[{"position":{"x":-3.2959746043559335e-16,"y":1.0533632040023795,"z":-4.4703483564195734e-8},"rotation":{"isEuler":true,"_x":-9.639190778898931e-8,"_y":1.301446064173237e-18,"_z":4.215644069162302e-16,"_order":"XYZ"},"scale":{"x":1,"y":0.999999761581421,"z":0.9999997615814212},"name":"Bone004_end","children":[{"position":{"x":3.469446951953614e-18,"y":1.0533627271652222,"z":5.587935447692871e-8},"rotation":{"isEuler":true,"_x":-2.3283064382734194e-9,"_y":-1.8211224076089256e-20,"_z":1.3686490710650256e-17,"_order":"XYZ"},"scale":{"x":1,"y":1.0000000000000002,"z":1.0000000000000002},"name":"Bone004_end_end",