{"pose":{"position":{"x":-3.552713678800501e-15,"y":-0.2265719771385184,"z":0.5865437984466553},"rotation":{"isEuler":true,"_x":2.5232613086700573,"_y":2.3841869197304895e-7,"_z":-5.941599535271671e-14,"_order":"XYZ"},"scale":{"x":1,"y":0.9999998807907104,"z":1},"name":"root","children":[{"position":{"x":-2.520777896836135e-8,"y":0.49590420722961515,"z":-2.980232949312267e-8},"rotation":{"isEuler":true,"_x":-0.16589220384804043,"_y":-0.07765650931870735,"_z":1.3967454917700672,"_order":"XYZ"},"scale":{"x":0.999999821186066,"y":0.9999999403953553,"z":0.9999995827674868},"name":"crotch_right","children":[{"position":{"x":1.341104507446289e-7,"y":0.714281916618347,"z":-2.9802322387695312e-8},"rotation":{"isEuler":true,"_x":1.8215224415010478,"_y":-1.1261819288790733,"_z":-0.19225918580241286,"_order":"XYZ"},"scale":{"x":0.9999999999999998,"y":0.9999999999999998,"z":1.458936931371712},"name":"hip_right","children":[{"position":{"x":0.000013423078920222174,"y":2.2118883362869584,"z":0.00018129991664000977},"rotation":{"isEuler":true,"_x":-0.07572397216956343,"_y":-0.0017771740345088709,"_z":-0.011226500275205688,"_order":"XYZ"},"scale":{"x":0.9999998211860656,"y":0.9999994635581972,"z":0.9999996423721315},"name":"knee_right","children":[{"position":{"x":-2.9802322387695312e-8,"y":2.341166019439697,"z":1.7881393454821648e-7},"rotation":{"isEuler":true,"_x":-0.9441873689128136,"_y":0.42215747014375105,"_z":-0.817611126223199,"_order":"XYZ"},"scale":{"x":0.9999999999999998,"y":0.9999998211860652,"z":0.9999998807907103},"name":"feet_right","children":[{"position":{"x":-3.203749658897692e-7,"y":0.6828674674034118,"z":1.9371509552001953e-7},"rotation":{"isEuler":true,"_x":4.728786701884367e-7,"_y":-9.546056487413934e-7,"_z":-7.417982066266124e-7,"_order":"XYZ"},"scale":{"x":1.0000001192092893,"y":0.9999998807907103,"z":1.0000001192092896},"name":"Bone012_end","children":[{"position":{"x":-1.1920928910669204e-7,"y":0.6828677654266359,"z":2.9802322165650708e-8},"rotation":{"isEuler":true,"_x":3.5739492729954715e-7,"_y":4.069880983469731e-7,"_z":6.910412617469801e-7,"_order":"XYZ"},"scale":{"x":0.9999999999999999,"y":0.9999999403953554,"z":1},"name":"Bone012_end_end","children":[]}]}]}]}]}]},{"position":{"x":-1.3759826611448034e-14,"y":0.4959041476249699,"z":-5.9604644331301415e-8},"rotation":{"isEuler":true,"_x":-2.8194366011752394,"_y":-0.0009912028601422823,"_z":-0.1080217314583419,"_order":"XYZ"},"scale":{"x":1,"y":0.9999999403953556,"z":0.9999991655349734},"name":"spine_01","children":[{"position":{"x":-0.00009592446522381157,"y":1.268814683885135,"z":-0.001954609393215012},"rotation":{"isEuler":true,"_x":-0.11109911275538781,"_y":0.0027726828189528576,"_z":-0.02362191029340303,"_order":"XYZ"},"scale":{"x":1,"y":0.9999998807907106,"z":1.0000003576278687},"name":"spine_02","children":[{"position":{"x":5.754125321317765e-9,"y":1.3029890669955468,"z":-0.000045764866471306384},"rotation":{"isEuler":true,"_x":-0.010134173952345183,"_y":0.0032242970670859797,"_z":-1.6079528628519213,"_order":"XYZ"},"scale":{"x":1.0000000000000002,"y":1.0000001192092893,"z":0.9999997019767761},"name":"shoulder_01_left","children":[{"position":{"x":-0.00037496098325516536,"y":0.9415917620639058,"z":-0.0015346486755450361},"rotation":{"isEuler":true,"_x":-0.052581356801182096,"_y":0.0037155949386364906,"_z":-1.047566692847073,"_order":"XYZ"},"scale":{"x":0.9999995231628417,"y":0.9999996423721313,"z":0.9999999403953553},"name":"shoulder_02_left","children":[{"position":{"x":7.4505797087454084e-9,"y":1.4634240865707389,"z":-1.8626451381287268e-8},"rotation":{"isEuler":true,"_x":0.33667252544562815,"_y":0.09134371468014177,"_z":0.21418108975412048,"_order":"XYZ"},"scale":{"x":0.9999999403953553,"y":1.0000003576278687,"z":0.9999997615814211},"name":"elbow_left","children":[{"position":{"x":-2.682209014892578e-7,"y":1.4845403432846067,"z":-1.341104509666735e-7},"rotation":{"isEuler":true,"_x":0.09976450632845822,"_y":-0.022091019492678773,"_z":-0.11394266811291887,"_order":"XYZ"},"scale":{"x":0.9999999403953552,"y":0.9999998211860655,"z":0.9999999403953548},"name":"wrist_left","children":[{"position":{"x":7.450580596923828e-8,"y":0.6846354603767395,"z":1.1920928955078125e-7},"rotation":{"isEuler":true,"_x":-6.70539281667364e-8,"_y":0.0000031273817167384154,"_z":-8.419156250917633e-7,"_order":"XYZ"},"scale":{"x":1,"y":0.9999998211860658,"z":0.999999642372131},"name":"Bone016_end","children":[{"position":{"x":1.0430812924511201e-7,"y":0.684635102748871,"z":-2.9802322387695312e-8},"rotation":{"isEuler":true,"_x":1.639134103797809e-7,"_y":-0.0000018831341347749817,"_z":6.780029724226528e-7,"_order":"XYZ"},"scale":{"x":1,"y":1.0000000000000002,"z":1.0000000000000002},"name":"Bone016_end_end","children":[]}]}]}]}]}]},{"position":{"x":-0.6057947531229739,"y":0.9192125307412328,"z":0.07014283681947779},"rotation":{"isEuler":true,"_x":-0.012649968194016386,"_y":0.5113626081996574,"_z":1.882541896903265,"_order":"XYZ"},"scale":{"x":1.0000001192092896,"y":1.0000001192092893,"z":0.9999999403953551},"name":"shoulder_02_right","children":[{"position":{"x":-9.126961320049531e-8,"y":0.8992530703544619,"z":-3.562308847904205e-8},"rotation":{"isEuler":true,"_x":-0.016662586104937885,"_y":0.049598353145225094,"_z":1.02162109801943,"_order":"XYZ"},"scale":{"x":0.9999999403953551,"y":0.999999761581421,"z":0.9999999403953552},"name":"shoulder_01_right","children":[{"position":{"x":-0.2600698108043974,"y":2.174737159703111,"z":0.2318780082909537},"rotation":{"isEuler":true,"_x":0.7566451580659517,"_y":-0.7017794923219833,"_z":0.4675310345605955,"_order":"XYZ"},"scale":{"x":0.9999999403953551,"y":0.9999998807907107,"z":0.999999821186066},"name":"elbow_right","children":[{"position":{"x":-0.1920736678350411,"y":0.6003209883485329,"z":-0.23682713957761717},"rotation":{"isEuler":true,"_x":0.11802899961779408,"_y":0.06979228787447797,"_z":0.12840402443173174,"_order":"XYZ"},"scale":{"x":1.0000003576278689,"y":0.9999998211860657,"z":1.0000001192092896},"name":"wrist_right","children":[{"position":{"x":-2.533197385190533e-7,"y":0.6151750087738026,"z":-1.7881393388208267e-7},"rotation":{"isEuler":true,"_x":0.0000024102631407412065,"_y":0.0000022687006870867527,"_z":-7.413353954644056e-7,"_order":"XYZ"},"scale":{"x":1.0000001192092896,"y":1.0000002384185789,"z":1.0000001192092896},"name":"Bone020_end","children":[{"position":{"x":2.831220635712839e-7,"y":0.6151758432388301,"z":-2.086162567138672e-7},"rotation":{"isEuler":true,"_x":-0.0000014044340588017274,"_y":-0.0000016987329556948725,"_z":4.935997725627662e-7,"_order":"XYZ"},"scale":{"x":0.9999999403953553,"y":0.9999999999999998,"z":0.9999999403953551},"name":"Bone020_end_end","children":[]}]}]}]}]}]},{"position":{"x":0.8764237776529168,"y":2.034190045286871,"z":1.336176050265284},"rotation":{"isEuler":true,"_x":0.9137759360554307,"_y":0.039797338808592334,"_z":0.20903287894811634,"_order":"XYZ"},"scale":{"x":0.9999999999999999,"y":1.0000000000000002,"z":0.999999761581421},"name":"neck","children":[{"position":{"x":0.000049014600184183604,"y":0.5796969597519849,"z":0.0005769161554217139},"rotation":{"isEuler":true,"_x":0.028413014071840215,"_y":-0.058341408455865176,"_z":0.004793831704299179,"_order":"XYZ"},"scale":{"x":1,"y":1.0000001192092898,"z":1.0000001192092898},"name":"head","children":[{"position":{"x":-3.2959746043559335e-16,"y":1.0533632040023795,"z":-4.4703483564195734e-8},"rotation":{"isEuler":true,"_x":-9.639190778898931e-8,"_y":1.301446064173237e-18,"_z":4.215644069162302e-16,"_order":"XYZ"},"scale":{"x":1,"y":0.999999761581421,"z":0.9999997615814212},"name":"Bone004_end","children":[{"position":{"x":3.469446951953614e-18,"y":1.0533627271652222,"z":5.587935447692871e-8},"rotation":{"isEuler":true,"_x":-2.3283064382734194e-9,"_y":-1.8211224076089256e-20,"_z":1.3686490710650256e-17,"_order":"XYZ"},"scale":{"x":1,"y":1.0000000000000002,"z":1.0000000000000002},"name":"Bone004_end_end","children":[]}]}]}]}]}]},{"position":{"x":5.130794018814999e-9,