{"pose":{"position":{"x":-6.594802678527173e-7,"y":-0.22655604758910214,"z":0.5865440784151943},"rotation":{"isEuler":true,"_x":2.5232613084224713,"_y":2.384962203796431e-7,"_z":7.280850407469192e-11,"_order":"XYZ"},"scale":{"x":1.0000000332568821,"y":0.9999912508742288,"z":1.0000002234502259},"name":"root","children":[{"position":{"x":0.0000076255699277361175,"y":0.49589800923463256,"z":-0.0000023730106971383376},"rotation":{"isEuler":true,"_x":-0.16588862345152194,"_y":-0.07821736495359308,"_z":1.3973263353303398,"_order":"XYZ"},"scale":{"x":0.999999821186066,"y":1.0000030160459445,"z":0.9999995827674868},"name":"crotch_right","children":[{"position":{"x":-0.0026222462221842102,"y":0.7140304851465843,"z":-0.002612185322478977},"rotation":{"isEuler":true,"_x":0.9481955546564866,"_y":-0.3284936071353788,"_z":-0.7569115528886415,"_order":"XYZ"},"scale":{"x":0.9999999540730178,"y":0.9999999540670139,"z":1.0000052344802244},"name":"hip_right","children":[{"position":{"x":0.000007372177813859621,"y":2.218492026189695,"z":-0.0000010905625819538191},"rotation":{"isEuler":true,"_x":-0.07572422411673267,"_y":-0.0017816640731819356,"_z":-0.011227600461116956,"_order":"XYZ"},"scale":{"x":1.0000215986480732,"y":0.9999988917457154,"z":0.9999996423721315},"name":"knee_right","children":[{"position":{"x":3.2063986997087556e-7,"y":2.3411658740803167,"z":1.7385120824769972e-7},"rotation":{"isEuler":true,"_x":-0.9441743687162913,"_y":0.42215710287606145,"_z":-0.8175957343773496,"_order":"XYZ"},"scale":{"x":0.9999999999999998,"y":0.9999998211831601,"z":0.9999998807907103},"name":"feet_right","children":[{"position":{"x":-3.2037496589197113e-7,"y":0.6828674674034118,"z":1.9371509552001953e-7},"rotation":{"isEuler":true,"_x":4.728786701884711e-7,"_y":-9.546056487408644e-7,"_z":-7.417982066266468e-7,"_order":"XYZ"},"scale":{"x":1.0000001192092893,"y":0.9999998807907103,"z":1.0000001192092896},"name":"Bone012_end","children":[{"position":{"x":-1.1920928910889397e-7,"y":0.6828677654266359,"z":2.9802322165650708e-8},"rotation":{"isEuler":true,"_x":3.5739492729958156e-7,"_y":4.069880983470914e-7,"_z":6.91041261747049e-7,"_order":"XYZ"},"scale":{"x":0.9999999999999999,"y":0.9999999403953554,"z":1},"name":"Bone012_end_end","children":[]}]}]}]}]}]},{"position":{"x":-0.000001565746528519262,"y":0.4959161391836473,"z":0.000008672662305107609},"rotation":{"isEuler":true,"_x":-2.5484988689422474,"_y":1.9770048619694227e-7,"_z":-1.332579929085526e-7,"_order":"XYZ"},"scale":{"x":1,"y":0.9999999403953556,"z":0.9999991655349734},"name":"spine_01","children":[{"position":{"x":0.0006679974501124231,"y":1.2681685519489152,"z":0.00018288215531288982},"rotation":{"isEuler":true,"_x":-0.0512889980667235,"_y":-0.0000319292872331357,"_z":0.0006441741808426438,"_order":"XYZ"},"scale":{"x":1,"y":0.9999998807907106,"z":1.000024425398116},"name":"spine_02","children":[{"position":{"x":-0.004282519580136368,"y":1.3041463722286588,"z":0.000027797572051085732},"rotation":{"isEuler":true,"_x":-0.010135007100739488,"_y":0.003228114899341497,"_z":-1.6079734493955204,"_order":"XYZ"},"scale":{"x":1.0000000000000002,"y":1.0000001192092893,"z":0.9999997019804415},"name":"shoulder_01_left","children":[{"position":{"x":-3.334439685097202e-7,"y":0.9416006586978235,"z":1.0130260573542303e-8},"rotation":{"isEuler":true,"_x":-0.05245670545791395,"_y":0.0042556802213661715,"_z":-1.046035265782708,"_order":"XYZ"},"scale":{"x":0.9999995231649826,"y":0.9999853718478295,"z":0.9999999403954203},"name":"shoulder_02_left","children":[{"position":{"x":4.399020344071723e-8,"y":1.4634242337746415,"z":4.114227340052919e-7},"rotation":{"isEuler":true,"_x":0.33667252544562815,"_y":0.09134371468014177,"_z":0.21418108975412048,"_order":"XYZ"},"scale":{"x":0.9999999403931283,"y":0.9999858860631888,"z":0.9999997615778631},"name":"elbow_left","children":[{"position":{"x":-2.6822130478103407e-7,"y":1.4845403432777868,"z":-1.3411018769116813e-7},"rotation":{"isEuler":true,"_x":0.09976450632845822,"_y":-0.022091019492678773,"_z":-0.11394266811291887,"_order":"XYZ"},"scale":{"x":0.9999999403943512,"y":0.9999998211850615,"z":0.9999999403943508},"name":"wrist_left","children":[{"position":{"x":7.450580596923828e-8,"y":0.6846354603767395,"z":1.1920928955298317e-7},"rotation":{"isEuler":true,"_x":-6.705392816701165e-8,"_y":0.0000031273817167385705,"_z":-8.419156250919439e-7,"_order":"XYZ"},"scale":{"x":1,"y":0.9999998211860658,"z":0.999999642372131},"name":"Bone016_end","children":[{"position":{"x":1.0430812924951586e-7,"y":0.684635102748871,"z":-2.9802322389897234e-8},"rotation":{"isEuler":true,"_x":1.6391341038005614e-7,"_y":-0.0000018831341347744828,"_z":6.78002972422541e-7,"_order":"XYZ"},"scale":{"x":1,"y":1.0000000000000002,"z":1.0000000000000002},"name":"Bone016_end_end","children":[]}]}]}]}]}]},{"position":{"x":0.002325301211747288,"y":1.3032826550175707,"z":-0.00001516471275146529},"rotation":{"isEuler":true,"_x":-0.009626702516754092,"_y":-0.0026859047683205147,"_z":1.601938518566881,"_order":"XYZ"},"scale":{"x":1.0000001192092896,"y":1.0000001192092893,"z":0.9999999403953551},"name":"shoulder_02_right","children":[{"position":{"x":-9.127082728853046e-8,"y":0.8992530703539162,"z":-3.562340141685594e-8},"rotation":{"isEuler":true,"_x":-0.01654939198871539,"_y":0.050954673551223705,"_z":1.0206823768385995,"_order":"XYZ"},"scale":{"x":0.9999999403953551,"y":0.9999869886964979,"z":0.9999999403981723},"name":"shoulder_01_right","children":[{"position":{"x":0.00001314256976578344,"y":1.5634047473277222,"z":0.0000011530195473703352},"rotation":{"isEuler":true,"_x":0.3029020291883903,"_y":-0.03359477988267731,"_z":-0.06100914838953792,"_order":"XYZ"},"scale":{"x":1.0005996554984389,"y":0.9999846881922273,"z":0.9999998211825967},"name":"elbow_right","children":[{"position":{"x":2.235136970923401e-8,"y":1.4045748710541328,"z":7.45059576433228e-8},"rotation":{"isEuler":true,"_x":0.11802899961779408,"_y":0.06979228787447797,"_z":0.12840402443173174,"_order":"XYZ"},"scale":{"x":1.0000003576278689,"y":0.9999998211860657,"z":1.0000001192092896},"name":"wrist_right","children":[{"position":{"x":-2.533197385190533e-7,"y":0.6151750087738026,"z":-1.7881393388208267e-7},"rotation":{"isEuler":true,"_x":0.0000024102631407412065,"_y":0.0000022687006870867527,"_z":-7.413353954644056e-7,"_order":"XYZ"},"scale":{"x":1.0000001192092896,"y":1.0000002384185789,"z":1.0000001192092896},"name":"Bone020_end","children":[{"position":{"x":2.831220635712839e-7,"y":0.6151758432388301,"z":-2.086162567138672e-7},"rotation":{"isEuler":true,"_x":-0.0000014044340588017274,"_y":-0.0000016987329556948725,"_z":4.935997725627662e-7,"_order":"XYZ"},"scale":{"x":0.9999999403953553,"y":0.9999999999999998,"z":0.9999999403953551},"name":"Bone020_end_end","children":[]}]}]}]}]}]},{"position":{"x":-0.8371023647952146,"y":2.078929165391017,"z":0.05943395438501773},"rotation":{"isEuler":true,"_x":0.3311438268350885,"_y":8.037116024835395e-11,"_z":-9.231378176981863e-11,"_order":"XYZ"},"scale":{"x":0.9999999999999999,"y":1.0000143076211585,"z":0.9999945945851952},"name":"neck","children":[{"position":{"x":0.0024454796984993235,"y":4.2513789093999055,"z":-0.9554098185609435},"rotation":{"isEuler":true,"_x":-0.24364767947512575,"_y":-1.2023486103220048e-10,"_z":-1.6892698037453988e-11,"_order":"XYZ"},"scale":{"x":0.9999199130765271,"y":0.9999372404299297,"z":1.0000175876156494},"name":"head","children":[{"position":{"x":-3.2959746043559335e-16,"y":1.0533632040023795,"z":-4.4703483564195734e-8},"rotation":{"isEuler":true,"_x":-9.639190778898931e-8,"_y":1.301446064173237e-18,"_z":4.215644069162302e-16,"_order":"XYZ"},"scale":{"x":1,"y":0.999999761581421,"z":0.9999997615814212},"name":"Bone004_end","children":[{"position":{"x":3.469446951953614e-18,"y":1.0533627271652222,"z":5.587935447692871e-8},"rotation":{"isEuler":true,"_x":-2.3283064382734194e-9,"_y":-1.8211224076089256e-20,"_z":1.3686490710650256e-17,"_order":"XYZ"},"scale":{"x":1,"y":1.0000000000000002,"z":1.0000000000000002},