{"pose":{"position":{"x":-0.0000020605549732750895,"y":-0.2266458534279782,"z":0.5865626473660239},"rotation":{"isEuler":true,"_x":2.1900090419298723,"_y":0.026556361991675152,"_z":-0.04191164707635187,"_order":"XYZ"},"scale":{"x":1.000013794550778,"y":0.9972261657135145,"z":1.0000225228963846},"name":"root","children":[{"position":{"x":-2.461633024982573e-8,"y":0.49590420877863145,"z":-3.2226105969200374e-8},"rotation":{"isEuler":true,"_x":-0.16588980291901406,"_y":-0.07822026009667966,"_z":1.3973299056482622,"_order":"XYZ"},"scale":{"x":0.9999998432539393,"y":0.9999998612594554,"z":0.9999996166341486},"name":"crotch_right","children":[{"position":{"x":1.3506246738929875e-7,"y":0.7142819168184213,"z":-3.084959923372841e-8},"rotation":{"isEuler":true,"_x":0.03806400004091865,"_y":0.7220513314624449,"_z":-1.2380285339208785,"_order":"XYZ"},"scale":{"x":1.0000001289976141,"y":0.9999999999999866,"z":1.000000238418582},"name":"hip_right","children":[{"position":{"x":-1.1735025398573819e-8,"y":2.2185254070757563,"z":3.073931598575479e-9},"rotation":{"isEuler":true,"_x":2.2721005098650253,"_y":-0.011013427010266327,"_z":0.34754155910555584,"_order":"XYZ"},"scale":{"x":1.0009961345227494,"y":0.9998160181872331,"z":0.9999996425429178},"name":"knee_right","children":[{"position":{"x":-2.9800828222541894e-8,"y":2.3411660194385937,"z":1.7881474725085427e-7},"rotation":{"isEuler":true,"_x":-0.9441873685770449,"_y":0.4221574697130576,"_z":-0.8176111260011546,"_order":"XYZ"},"scale":{"x":1.0000000000009825,"y":0.9999998211860707,"z":0.9999998807907204},"name":"feet_right","children":[{"position":{"x":-3.203749658897692e-7,"y":0.6828674674034118,"z":1.9371509552001953e-7},"rotation":{"isEuler":true,"_x":4.728786701884367e-7,"_y":-9.546056487413934e-7,"_z":-7.417982066266124e-7,"_order":"XYZ"},"scale":{"x":1.0000001192092893,"y":0.9999998807907103,"z":1.0000001192092896},"name":"Bone012_end","children":[{"position":{"x":-1.1920928910669204e-7,"y":0.6828677654266359,"z":2.9802322165650708e-8},"rotation":{"isEuler":true,"_x":3.5739492729954715e-7,"_y":4.069880983469731e-7,"_z":6.910412617469801e-7,"_order":"XYZ"},"scale":{"x":0.9999999999999999,"y":0.9999999403953554,"z":1},"name":"Bone012_end_end","children":[]}]}]}]}]}]},{"position":{"x":2.9856983706896764e-10,"y":0.4958799122404988,"z":0.000022229538160029472},"rotation":{"isEuler":true,"_x":-2.2027229073737096,"_y":-0.028910592632181445,"_z":-0.038020199130712924,"_order":"XYZ"},"scale":{"x":1.0000000000000169,"y":0.9999965777964486,"z":0.7717047660330818},"name":"spine_01","children":[{"position":{"x":-3.7153435951989387e-10,"y":1.2681724207349112,"z":0.000027513498598587607},"rotation":{"isEuler":true,"_x":-0.05114754649416326,"_y":-2.2996916799872976e-8,"_z":1.7953035837768177e-8,"_order":"XYZ"},"scale":{"x":1.0000000001752738,"y":0.9999974949646085,"z":1.8645572708144258},"name":"spine_02","children":[{"position":{"x":-0.000010161629366328218,"y":1.3035855781537016,"z":-0.00004018693509254094},"rotation":{"isEuler":true,"_x":-0.009942781211290712,"_y":0.006819653273888156,"_z":-1.6692115013163793,"_order":"XYZ"},"scale":{"x":1.0000000000000002,"y":1.0000001192106374,"z":0.9999997019767761},"name":"shoulder_01_left","children":[{"position":{"x":0.000008068039145394789,"y":0.9416012026555095,"z":0.00004341110582167882},"rotation":{"isEuler":true,"_x":-0.020683501021537976,"_y":-0.358301992384829,"_z":-1.7425654034227678,"_order":"XYZ"},"scale":{"x":1.6488341062192908,"y":1.1417013852819218,"z":1.3212564614849804},"name":"shoulder_02_left","children":[{"position":{"x":7.698712404220894e-9,"y":1.4634240863659667,"z":-1.8643019063946772e-8},"rotation":{"isEuler":true,"_x":2.6433356481559582,"_y":0.12049084793297533,"_z":-0.3073609041788047,"_order":"XYZ"},"scale":{"x":0.9122884130199383,"y":0.49665254347109866,"z":2.4787112800346414},"name":"elbow_left","children":[{"position":{"x":-2.682185529526793e-7,"y":1.4845403432829947,"z":-1.341087787802418e-7},"rotation":{"isEuler":true,"_x":0.09976449965889894,"_y":-0.02209105768187527,"_z":-0.1139430133467114,"_order":"XYZ"},"scale":{"x":0.9999999403953375,"y":0.999999821186023,"z":0.9999999403953496},"name":"wrist_left","children":[{"position":{"x":7.450580596923828e-8,"y":0.6846354603767395,"z":1.1920928955078125e-7},"rotation":{"isEuler":true,"_x":-6.70539281667364e-8,"_y":0.0000031273817167384154,"_z":-8.419156250917633e-7,"_order":"XYZ"},"scale":{"x":1,"y":0.9999998211860658,"z":0.999999642372131},"name":"Bone016_end","children":[{"position":{"x":1.0430812924511201e-7,"y":0.684635102748871,"z":-2.9802322387695312e-8},"rotation":{"isEuler":true,"_x":1.639134103797809e-7,"_y":-0.0000018831341347749817,"_z":6.780029724226528e-7,"_order":"XYZ"},"scale":{"x":1,"y":1.0000000000000002,"z":1.0000000000000002},"name":"Bone016_end_end","children":[]}]}]}]}]}]},{"position":{"x":-0.000025561872925732466,"y":1.3035747137769569,"z":0.000007139323663931784},"rotation":{"isEuler":true,"_x":-0.07996488507531299,"_y":0.013724218180228068,"_z":1.7395337392525279,"_order":"XYZ"},"scale":{"x":1.0000001192087649,"y":1.000000119210742,"z":0.9999999403953551},"name":"shoulder_02_right","children":[{"position":{"x":-0.000004374094549096223,"y":0.8992163380963044,"z":0.000017109515945121657},"rotation":{"isEuler":true,"_x":0.672180243512668,"_y":-0.08272099667073281,"_z":1.2851734105941142,"_order":"XYZ"},"scale":{"x":0.9999999188504528,"y":0.8273069457747145,"z":1.509611568409998},"name":"shoulder_01_right","children":[{"position":{"x":2.59872839947011e-7,"y":1.563113330589849,"z":-5.235746414802381e-8},"rotation":{"isEuler":true,"_x":2.8824339112460478,"_y":-0.8035429655770405,"_z":0.47366551792242906,"_order":"XYZ"},"scale":{"x":2.0166656325233117,"y":0.5485129039523134,"z":0.9999998174068093},"name":"elbow_right","children":[{"position":{"x":2.234678924823799e-8,"y":1.4045748710639343,"z":7.45111950528149e-8},"rotation":{"isEuler":true,"_x":0.11802899961779408,"_y":0.06979228787447797,"_z":0.12840402443173174,"_order":"XYZ"},"scale":{"x":1.0000003576278713,"y":0.9999998211860669,"z":1.0000001192092896},"name":"wrist_right","children":[{"position":{"x":-2.533197385190533e-7,"y":0.6151750087738026,"z":-1.7881393388208267e-7},"rotation":{"isEuler":true,"_x":0.0000024102631407412065,"_y":0.0000022687006870867527,"_z":-7.413353954644056e-7,"_order":"XYZ"},"scale":{"x":1.0000001192092896,"y":1.0000002384185789,"z":1.0000001192092896},"name":"Bone020_end","children":[{"position":{"x":2.831220635712839e-7,"y":0.6151758432388301,"z":-2.086162567138672e-7},"rotation":{"isEuler":true,"_x":-0.0000014044340588017274,"_y":-0.0000016987329556948725,"_z":4.935997725627662e-7,"_order":"XYZ"},"scale":{"x":0.9999999403953553,"y":0.9999999999999998,"z":0.9999999403953551},"name":"Bone020_end_end","children":[]}]}]}]}]}]},{"position":{"x":0.000008455788466370847,"y":1.303594542411983,"z":0.000021089242718856475},"rotation":{"isEuler":true,"_x":0.30160459668768846,"_y":-0.12521133537225881,"_z":-0.44919981904454637,"_order":"XYZ"},"scale":{"x":1.0000000222254897,"y":0.9999999964162279,"z":0.9999775073249907},"name":"neck","children":[{"position":{"x":-1.1657341758564144e-15,"y":0.5804949998855582,"z":-4.810573825623449e-33},"rotation":{"isEuler":true,"_x":-0.627213455676258,"_y":-0.14184623218652156,"_z":1.082829089131812,"_order":"XYZ"},"scale":{"x":0.9425819291148372,"y":0.9425820414793487,"z":0.9425820414793602},"name":"head","children":[{"position":{"x":-3.2959746043559335e-16,"y":1.0533632040023795,"z":-4.4703483564195734e-8},"rotation":{"isEuler":true,"_x":-9.639190778898931e-8,"_y":1.301446064173237e-18,"_z":4.215644069162302e-16,"_order":"XYZ"},"scale":{"x":1,"y":0.999999761581421,"z":0.9999997615814212},"name":"Bone004_end","children":[{"position":{"x":3.469446951953614e-18,"y":1.0533627271652222,"z":5.587935447692871e-8},"rotation":{"isEuler":true,"_x":-2.3283064382734194e-9,"_y":-1.8211224076089256e-20,"_z":1.3686490710650256e-17,"_order":"XYZ"},"scale":{"x":1,"y":1.0000000000000002,