{"pose":{"position":{"x":-3.552713678800501e-15,"y":-0.2265719771385184,"z":0.5865437984466553},"rotation":{"isEuler":true,"_x":1.7906296181970494,"_y":-0.1086437315067105,"_z":0.10746763536331803,"_order":"XYZ"},"scale":{"x":1,"y":0.9999998807907104,"z":1},"name":"root","children":[{"position":{"x":-2.520777896836135e-8,"y":0.49590420722961515,"z":-2.980232949312267e-8},"rotation":{"isEuler":true,"_x":-0.1658898014566709,"_y":-0.07822028955519997,"_z":1.3973299351026094,"_order":"XYZ"},"scale":{"x":0.999999821186066,"y":0.9999999403953553,"z":0.9999995827674868},"name":"crotch_right","children":[{"position":{"x":1.341104507446289e-7,"y":0.714281916618347,"z":-2.9802322387695312e-8},"rotation":{"isEuler":true,"_x":0.7421092678928272,"_y":-0.1674403342218929,"_z":-1.4079358174539098,"_order":"XYZ"},"scale":{"x":0.9999999999999998,"y":0.9999999999999998,"z":1.0000002384185789},"name":"hip_right","children":[{"position":{"x":4.440892098500626e-16,"y":2.2185254096984868,"z":0},"rotation":{"isEuler":true,"_x":-2.8131330506231933,"_y":1.1620180159350961,"_z":-0.7959979330161691,"_order":"XYZ"},"scale":{"x":0.9999998211860656,"y":0.9999994635581972,"z":0.9999996423721315},"name":"knee_right","children":[{"position":{"x":-2.9802322387695312e-8,"y":2.341166019439697,"z":1.7881393454821648e-7},"rotation":{"isEuler":true,"_x":-0.9441873689128136,"_y":0.42215747014375105,"_z":-0.817611126223199,"_order":"XYZ"},"scale":{"x":0.9999999999999998,"y":0.9999998211860652,"z":0.9999998807907103},"name":"feet_right","children":[{"position":{"x":-3.203749658897692e-7,"y":0.6828674674034118,"z":1.9371509552001953e-7},"rotation":{"isEuler":true,"_x":4.728786701884367e-7,"_y":-9.546056487413934e-7,"_z":-7.417982066266124e-7,"_order":"XYZ"},"scale":{"x":1.0000001192092893,"y":0.9999998807907103,"z":1.0000001192092896},"name":"Bone012_end","children":[{"position":{"x":-1.1920928910669204e-7,"y":0.6828677654266359,"z":2.9802322165650708e-8},"rotation":{"isEuler":true,"_x":3.5739492729954715e-7,"_y":4.069880983469731e-7,"_z":6.910412617469801e-7,"_order":"XYZ"},"scale":{"x":0.9999999999999999,"y":0.9999999403953554,"z":1},"name":"Bone012_end_end","children":[]}]}]}]}]}]},{"position":{"x":-4.006067694153149e-8,"y":0.7200212210272159,"z":0.168026404822462},"rotation":{"isEuler":true,"_x":-2.6197794131938728,"_y":-0.32980433562812206,"_z":-0.3025640703695088,"_order":"XYZ"},"scale":{"x":1,"y":0.9999999403953556,"z":0.9999991655349734},"name":"spine_01","children":[{"position":{"x":-7.129050949313817e-13,"y":0.6759988404701088,"z":-0.01494813518528039},"rotation":{"isEuler":true,"_x":0.7438001147988886,"_y":0.07657268601284753,"_z":0.127640059841233,"_order":"XYZ"},"scale":{"x":1,"y":0.9999998807907106,"z":1.0000003576278687},"name":"spine_02","children":[{"position":{"x":5.754126071455534e-9,"y":1.3035868406295785,"z":-1.4901161027314203e-8},"rotation":{"isEuler":true,"_x":-0.010134173952345183,"_y":0.0032242970670859797,"_z":-1.6079528628519213,"_order":"XYZ"},"scale":{"x":1.0000000000000002,"y":1.0000001192092893,"z":0.9999997019767761},"name":"shoulder_01_left","children":[{"position":{"x":-2.4586915969848633e-7,"y":0.9416007399559021,"z":-3.539025772436588e-8},"rotation":{"isEuler":true,"_x":0.470125397240324,"_y":-0.20121439842048522,"_z":-1.2901366411878774,"_order":"XYZ"},"scale":{"x":0.9999995231628417,"y":0.9999996423721313,"z":0.9999999403953553},"name":"shoulder_02_left","children":[{"position":{"x":7.4505797087454084e-9,"y":1.4634240865707389,"z":-1.8626451381287268e-8},"rotation":{"isEuler":true,"_x":1.8485666651208414,"_y":0.5203229688469718,"_z":-1.5893883183802224,"_order":"XYZ"},"scale":{"x":0.9999999403953553,"y":1.0000003576278687,"z":0.9999997615814211},"name":"elbow_left","children":[{"position":{"x":-2.682209014892578e-7,"y":1.4845403432846067,"z":-1.341104509666735e-7},"rotation":{"isEuler":true,"_x":0.09976450632845822,"_y":-0.022091019492678773,"_z":-0.11394266811291887,"_order":"XYZ"},"scale":{"x":0.9999999403953552,"y":0.9999998211860655,"z":0.9999999403953548},"name":"wrist_left","children":[{"position":{"x":7.450580596923828e-8,"y":0.6846354603767395,"z":1.1920928955078125e-7},"rotation":{"isEuler":true,"_x":-6.70539281667364e-8,"_y":0.0000031273817167384154,"_z":-8.419156250917633e-7,"_order":"XYZ"},"scale":{"x":1,"y":0.9999998211860658,"z":0.999999642372131},"name":"Bone016_end","children":[{"position":{"x":1.0430812924511201e-7,"y":0.684635102748871,"z":-2.9802322387695312e-8},"rotation":{"isEuler":true,"_x":1.639134103797809e-7,"_y":-0.0000018831341347749817,"_z":6.780029724226528e-7,"_order":"XYZ"},"scale":{"x":1,"y":1.0000000000000002,"z":1.0000000000000002},"name":"Bone016_end_end","children":[]}]}]}]}]}]},{"position":{"x":5.895792305754544e-9,"y":1.3035864830017099,"z":1.490116136038111e-8},"rotation":{"isEuler":true,"_x":-0.008900104394373616,"_y":-0.001415946564351796,"_z":1.5968825930618036,"_order":"XYZ"},"scale":{"x":1.0000001192092896,"y":1.0000001192092893,"z":0.9999999403953551},"name":"shoulder_02_right","children":[{"position":{"x":-9.126961320049531e-8,"y":0.8992530703544619,"z":-3.562308847904205e-8},"rotation":{"isEuler":true,"_x":0.7049471473095994,"_y":0.4435450201663559,"_z":1.1789630835170655,"_order":"XYZ"},"scale":{"x":0.9999999403953551,"y":0.999999761581421,"z":0.9999999403953552},"name":"shoulder_01_right","children":[{"position":{"x":2.6077032000415556e-7,"y":1.563113331794737,"z":-5.21540642894891e-8},"rotation":{"isEuler":true,"_x":0.6802308216586938,"_y":-0.35764441042036293,"_z":0.54683372482368,"_order":"XYZ"},"scale":{"x":0.8007330476496134,"y":0.8772798614148755,"z":0.4124520259833863},"name":"elbow_right","children":[{"position":{"x":2.2351742678949904e-8,"y":1.4045748710632329,"z":7.450580596923828e-8},"rotation":{"isEuler":true,"_x":0.11802899961779408,"_y":0.06979228787447797,"_z":0.12840402443173174,"_order":"XYZ"},"scale":{"x":1.0000003576278689,"y":0.9999998211860657,"z":1.0000001192092896},"name":"wrist_right","children":[{"position":{"x":-2.533197385190533e-7,"y":0.6151750087738026,"z":-1.7881393388208267e-7},"rotation":{"isEuler":true,"_x":0.0000024102631407412065,"_y":0.0000022687006870867527,"_z":-7.413353954644056e-7,"_order":"XYZ"},"scale":{"x":1.0000001192092896,"y":1.0000002384185789,"z":1.0000001192092896},"name":"Bone020_end","children":[{"position":{"x":2.831220635712839e-7,"y":0.6151758432388301,"z":-2.086162567138672e-7},"rotation":{"isEuler":true,"_x":-0.0000014044340588017274,"_y":-0.0000016987329556948725,"_z":4.935997725627662e-7,"_order":"XYZ"},"scale":{"x":0.9999999403953553,"y":0.9999999999999998,"z":0.9999999403953551},"name":"Bone020_end_end","children":[]}]}]}]}]}]},{"position":{"x":-5.134781488891349e-16,"y":1.303586721420289,"z":-2.980232222116186e-8},"rotation":{"isEuler":true,"_x":0.9497517160584051,"_y":0.08828173877603293,"_z":0.027854942951307998,"_order":"XYZ"},"scale":{"x":0.9999999999999999,"y":1.0000000000000002,"z":0.999999761581421},"name":"neck","children":[{"position":{"x":-0.14412895532289483,"y":-0.004565024912512233,"z":0.16809053655166883},"rotation":{"isEuler":true,"_x":-0.24364767968654633,"_y":-3.4855202336599913e-14,"_z":4.6375043164989094e-14,"_order":"XYZ"},"scale":{"x":1,"y":1.0000001192092898,"z":1.0000001192092898},"name":"head","children":[{"position":{"x":-3.2959746043559335e-16,"y":1.0533632040023795,"z":-4.4703483564195734e-8},"rotation":{"isEuler":true,"_x":-9.639190778898931e-8,"_y":1.301446064173237e-18,"_z":4.215644069162302e-16,"_order":"XYZ"},"scale":{"x":1,"y":0.999999761581421,"z":0.9999997615814212},"name":"Bone004_end","children":[{"position":{"x":3.469446951953614e-18,"y":1.0533627271652222,"z":5.587935447692871e-8},"rotation":{"isEuler":true,"_x":-2.3283064382734194e-9,"_y":-1.8211224076089256e-20,"_z":1.3686490710650256e-17,"_order":"XYZ"},"scale":{"x":1,"y":1.0000000000000002,"z":1.0000000000000002},"name":"Bone004_end_end","children":[]}]}]}]}]}]},{"position":{"x":5.130794018814999e-9,"y":0.4959042072296147,"z":-2.9802321055427683e-8},