{"pose":{"position":{"x":-0.05778383165519127,"y":1.5670013414073098,"z":0.1969332927565133},"rotation":{"isEuler":true,"_x":2.5243254017624013,"_y":-0.000017982346308364518,"_z":0.000054540894203534626,"_order":"XYZ"},"scale":{"x":0.9999116313366855,"y":1.001410034462503,"z":0.998388943626593},"name":"root","children":[{"position":{"x":-2.510881196107556e-8,"y":0.49590420730137663,"z":-2.9893818970648794e-8},"rotation":{"isEuler":true,"_x":-0.1655025996702323,"_y":-0.07733233247531693,"_z":1.3963015819553828,"_order":"XYZ"},"scale":{"x":0.9999998211413641,"y":0.999999940386663,"z":0.9999995827842456},"name":"crotch_right","children":[{"position":{"x":1.208556429291811,"y":0.2612788994390125,"z":0.9009349011510819},"rotation":{"isEuler":true,"_x":0.8070760738150299,"_y":-0.3615779864184336,"_z":-1.8436581105389875,"_order":"XYZ"},"scale":{"x":1.5153894556876262,"y":1.51418727732659,"z":1.5141876383803792},"name":"hip_right","children":[{"position":{"x":0.05724642781933004,"y":2.200685128619399,"z":0.7072494483289544},"rotation":{"isEuler":true,"_x":-0.5603963595716712,"_y":1.1539634586166185,"_z":2.176427765019342,"_order":"XYZ"},"scale":{"x":0.9999998212858959,"y":0.999999463512436,"z":0.9999996424254979},"name":"knee_right","children":[{"position":{"x":-2.9729804636543575e-8,"y":2.341166019336025,"z":1.7882128431887665e-7},"rotation":{"isEuler":true,"_x":-0.9441873688624013,"_y":0.42215747012417304,"_z":-0.8176111262107553,"_order":"XYZ"},"scale":{"x":1.000000000026337,"y":0.9999998211698431,"z":0.9999998807830388},"name":"feet_right","children":[{"position":{"x":-3.203749658822591e-7,"y":0.6828674674034118,"z":1.9371509551211415e-7},"rotation":{"isEuler":true,"_x":4.72878670179364e-7,"_y":-9.546056487199192e-7,"_z":-7.417982066108881e-7,"_order":"XYZ"},"scale":{"x":1.0000001192092893,"y":0.9999998807907103,"z":1.0000001192092896},"name":"Bone012_end","children":[{"position":{"x":-1.1920928910352988e-7,"y":0.6828677654266359,"z":2.9802322164860168e-8},"rotation":{"isEuler":true,"_x":3.5739492729006683e-7,"_y":4.069880983361773e-7,"_z":6.910412617286495e-7,"_order":"XYZ"},"scale":{"x":0.9999999999999999,"y":0.9999999403953554,"z":1},"name":"Bone012_end_end","children":[]}]}]}]}]}]},{"position":{"x":-4.6770078892416926e-11,"y":0.49590414761974905,"z":-5.956591068064907e-8},"rotation":{"isEuler":true,"_x":-2.550437859640657,"_y":-0.0007158088524636723,"_z":0.011657147060041369,"_order":"XYZ"},"scale":{"x":1.000000000013393,"y":0.9999999403724447,"z":0.9999991656020634},"name":"spine_01","children":[{"position":{"x":1.1182051291166927e-10,"y":1.2681733368998658,"z":-7.392703149215807e-9},"rotation":{"isEuler":true,"_x":-0.4351689203060164,"_y":-0.8361214674398605,"_z":-0.109385434895993,"_order":"XYZ"},"scale":{"x":1.0000000000053353,"y":0.9999998807640906,"z":1.0000003574142073},"name":"spine_02","children":[{"position":{"x":5.75239141172544e-9,"y":1.3035868406116997,"z":-1.492309490089718e-8},"rotation":{"isEuler":true,"_x":0.2294766605510825,"_y":-0.09046895764624951,"_z":-1.183297451263878,"_order":"XYZ"},"scale":{"x":1.0000000000000002,"y":1.000000119222538,"z":1.3535240322022022},"name":"shoulder_01_left","children":[{"position":{"x":-2.4588687210452336e-7,"y":0.9416007399029592,"z":-3.535030732069407e-8},"rotation":{"isEuler":true,"_x":0.023446137447413258,"_y":0.5073149210757186,"_z":0.03614028820737108,"_order":"XYZ"},"scale":{"x":0.9999995232128731,"y":0.9999996423348834,"z":0.9999999404269397},"name":"shoulder_02_left","children":[{"position":{"x":7.534646049212198e-9,"y":1.4634240865327066,"z":-1.855084774462596e-8},"rotation":{"isEuler":true,"_x":0.33667252534570097,"_y":0.09134371469222381,"_z":0.21418108961805624,"_order":"XYZ"},"scale":{"x":0.9999999404180085,"y":1.0000003576017218,"z":0.9999997615725296},"name":"elbow_left","children":[{"position":{"x":-2.6816963282467047e-7,"y":1.484540343264491,"z":-1.3413292453356238e-7},"rotation":{"isEuler":true,"_x":0.09976450632744181,"_y":-0.022091019498496227,"_z":-0.1139426681655128,"_order":"XYZ"},"scale":{"x":0.9999999403877082,"y":0.9999998211784185,"z":0.9999999403877078},"name":"wrist_left","children":[{"position":{"x":7.450580596904064e-8,"y":0.6846354603767395,"z":1.1920928954603801e-7},"rotation":{"isEuler":true,"_x":-6.705392816041212e-8,"_y":0.000003127381716649776,"_z":-8.419156250657249e-7,"_order":"XYZ"},"scale":{"x":1,"y":0.9999998211860658,"z":0.999999642372131},"name":"Bone016_end","children":[{"position":{"x":1.0430812924234513e-7,"y":0.684635102748871,"z":-2.9802322386904773e-8},"rotation":{"isEuler":true,"_x":1.6391341037543293e-7,"_y":-0.0000018831341347250295,"_z":6.780029724046681e-7,"_order":"XYZ"},"scale":{"x":1,"y":1.0000000000000002,"z":1.0000000000000002},"name":"Bone016_end_end","children":[]}]}]}]}]}]},{"position":{"x":5.846474755960867e-9,"y":1.3035864829885206,"z":1.4892006229826016e-8},"rotation":{"isEuler":true,"_x":-0.00962993357390896,"_y":-0.0026846648756424134,"_z":1.6019206799944028,"_order":"XYZ"},"scale":{"x":1.0000001192052856,"y":1.0000001192205863,"z":0.9999999403947182},"name":"shoulder_02_right","children":[{"position":{"x":-9.128318214276098e-8,"y":0.899253070313605,"z":-3.5620275210347234e-8},"rotation":{"isEuler":true,"_x":-0.01654704769091813,"_y":0.0509602764901152,"_z":1.0206655188758589,"_order":"XYZ"},"scale":{"x":0.9999999404066152,"y":0.9999997615680116,"z":0.9999999404526831},"name":"shoulder_01_right","children":[{"position":{"x":0.007079633743603653,"y":1.5666002632054696,"z":0.00391908403201402},"rotation":{"isEuler":true,"_x":0.3058587942123935,"_y":-0.032008535760987666,"_z":-0.05601578215775027,"_order":"XYZ"},"scale":{"x":0.999999940372727,"y":0.9999998807456916,"z":0.9999998210962494},"name":"elbow_right","children":[{"position":{"x":-6.114368596150598,"y":8.6828726033782,"z":-1.19397081251509},"rotation":{"isEuler":true,"_x":0.11802899955874023,"_y":0.06979228789436873,"_z":0.1284040244480672,"_order":"XYZ"},"scale":{"x":1.0000003576767296,"y":1.005879493476383,"z":1.0000001192581502},"name":"wrist_right","children":[{"position":{"x":-2.533197385143101e-7,"y":0.6151750087738026,"z":-1.788139338765489e-7},"rotation":{"isEuler":true,"_x":0.000002410263140674406,"_y":0.0000022687006870504866,"_z":-7.413353954498299e-7,"_order":"XYZ"},"scale":{"x":1.0000001192092896,"y":1.0000002384185789,"z":1.0000001192092896},"name":"Bone020_end","children":[{"position":{"x":2.831220635637738e-7,"y":0.6151758432388301,"z":-2.0861625670833342e-7},"rotation":{"isEuler":true,"_x":-0.0000014044340587644732,"_y":-0.0000016987329556498119,"_z":4.935997725496729e-7,"_order":"XYZ"},"scale":{"x":0.9999999403953553,"y":0.9999999999999998,"z":0.9999999403953551},"name":"Bone020_end_end","children":[]}]}]}]}]}]},{"position":{"x":0.07406772328571279,"y":0.7117495371162921,"z":-0.01895971993222953},"rotation":{"isEuler":true,"_x":0.3311438262923538,"_y":4.331009066681233e-12,"_z":-5.4904361926700796e-12,"_order":"XYZ"},"scale":{"x":0.9988994652145022,"y":0.9999999999801307,"z":0.9991961695983674},"name":"neck","children":[{"position":{"x":-0.00022659375686100852,"y":0.5804992981950717,"z":-7.444197487616326e-7},"rotation":{"isEuler":true,"_x":-0.24364767966090092,"_y":-8.645051932242254e-12,"_z":-7.0694943830167155e-12,"_order":"XYZ"},"scale":{"x":0.6915989535925682,"y":0.8257233663653066,"z":0.7071763796326342},"name":"head","children":[{"position":{"x":-3.295974604268504e-16,"y":1.0533632040023795,"z":-4.470348356538154e-8},"rotation":{"isEuler":true,"_x":-9.639190778792703e-8,"_y":1.3014460641387332e-18,"_z":4.215644068988254e-16,"_order":"XYZ"},"scale":{"x":1,"y":0.999999761581421,"z":0.9999997615814212},"name":"Bone004_end","children":[{"position":{"x":3.469446951953614e-18,"y":1.0533627271652222,"z":5.587935447544645e-8},"rotation":{"isEuler":true,"_x":-2.3283064382116583e-9,"_y":-1.8211224075606185e-20,"_z":1.3686490710287207e-17,"_order":"XYZ"},"scale":{"x":1,"y":1.0000000000000002,"z":1.0000000000000002},"name":"Bone004_end_end",