{"pose":{"position":{"x":0.0020151647618255053,"y":-0.2265983777859474,"z":0.58654373348617},"rotation":{"isEuler":true,"_x":2.517115980491317,"_y":-0.003447147947232887,"_z":0.004473899895438782,"_order":"XYZ"},"scale":{"x":1.0050260751042908,"y":1.0014666132451133,"z":1.0029921824308883},"name":"root","children":[{"position":{"x":7.560334226634042e-8,"y":0.49590422848193627,"z":-1.8939324660715205e-8},"rotation":{"isEuler":true,"_x":-0.13770213098327103,"_y":0.11543684733943348,"_z":1.234597196106316,"_order":"XYZ"},"scale":{"x":0.9999881259277476,"y":0.9999999407977944,"z":0.999999583151201},"name":"crotch_right","children":[{"position":{"x":1.340912716199003e-7,"y":0.714281916742949,"z":-2.9789978785934165e-8},"rotation":{"isEuler":true,"_x":0.9481906910913974,"_y":-0.32848973944919185,"_z":-0.7569252081885663,"_order":"XYZ"},"scale":{"x":1.000000079186718,"y":0.6312771924753159,"z":1.0000002766339051},"name":"hip_right","children":[{"position":{"x":-0.0003680493439279848,"y":2.2382046704690106,"z":-0.0013950359615999876},"rotation":{"isEuler":true,"_x":-0.06402892522251591,"_y":0.003692729466932887,"_z":-0.010231760875578338,"_order":"XYZ"},"scale":{"x":0.9999994209535741,"y":1.9195069964441709,"z":0.9999997152970195},"name":"knee_right","children":[{"position":{"x":-3.426417276838391e-8,"y":2.341165988243382,"z":1.7297362858974915e-7},"rotation":{"isEuler":true,"_x":-0.9441873689094407,"_y":0.42215747014491334,"_z":-0.8176111262203941,"_order":"XYZ"},"scale":{"x":1.0000001297256287,"y":1.000019727610448,"z":1.0000140566893134},"name":"feet_right","children":[{"position":{"x":-3.203749658897692e-7,"y":0.6828674674034118,"z":1.9371509552001953e-7},"rotation":{"isEuler":true,"_x":4.728786701884367e-7,"_y":-9.546056487413934e-7,"_z":-7.417982066266124e-7,"_order":"XYZ"},"scale":{"x":1.0000001192092893,"y":0.9999998807907103,"z":1.0000001192092896},"name":"Bone012_end","children":[{"position":{"x":-1.1920928910669204e-7,"y":0.6828677654266359,"z":2.9802322165650708e-8},"rotation":{"isEuler":true,"_x":3.5739492729954715e-7,"_y":4.069880983469731e-7,"_z":6.910412617469801e-7,"_order":"XYZ"},"scale":{"x":0.9999999999999999,"y":0.9999999403953554,"z":1},"name":"Bone012_end_end","children":[]}]}]}]}]}]},{"position":{"x":-0.01441197263794607,"y":-1.1843847737617326,"z":-1.2061815884089522},"rotation":{"isEuler":true,"_x":-2.607945198583156,"_y":-0.014108246477586113,"_z":0.0168327623816629,"_order":"XYZ"},"scale":{"x":1.0000000001543123,"y":0.9999905008067663,"z":0.8676239166572748},"name":"spine_01","children":[{"position":{"x":0.016417494410042775,"y":2.536776635992825,"z":0.1223441135249174},"rotation":{"isEuler":true,"_x":0.2564126564959716,"_y":0.03266119438288178,"_z":-0.09184408647434163,"_order":"XYZ"},"scale":{"x":0.999999999680797,"y":0.9999876904968418,"z":0.9357919530153385},"name":"spine_02","children":[{"position":{"x":-0.29069368436885074,"y":1.2809234355628165,"z":-0.006591960538531584},"rotation":{"isEuler":true,"_x":0.9622502409719642,"_y":-0.05531095515830352,"_z":-1.861423013982529,"_order":"XYZ"},"scale":{"x":1.0000000000000002,"y":1.0000001193206454,"z":0.9999997019767761},"name":"shoulder_01_left","children":[{"position":{"x":-2.4610456359109527e-7,"y":0.9416007399470813,"z":-3.536231503021709e-8},"rotation":{"isEuler":true,"_x":-0.4064139501504397,"_y":-0.8009319601305882,"_z":-1.3321446215149155,"_order":"XYZ"},"scale":{"x":1.0046596140240733,"y":1.0007254312408695,"z":1.0046600330471462},"name":"shoulder_02_left","children":[{"position":{"x":1.7295843869067542,"y":5.605948507701063,"z":0.5427037231603142},"rotation":{"isEuler":true,"_x":0.3366961078120598,"_y":0.0913626733958811,"_z":0.21414674721758042,"_order":"XYZ"},"scale":{"x":0.9999999325191842,"y":1.000000349238796,"z":0.9999997745417524},"name":"elbow_left","children":[{"position":{"x":1.5743759116367746,"y":3.977396299852513,"z":-0.016659791083505855},"rotation":{"isEuler":true,"_x":0.09976450632845821,"_y":-0.02209101949267882,"_z":-0.1139426681129193,"_order":"XYZ"},"scale":{"x":0.9999999403983152,"y":0.9999998211886773,"z":0.9999999403991798},"name":"wrist_left","children":[{"position":{"x":7.450580596923828e-8,"y":0.6846354603767395,"z":1.1920928955078125e-7},"rotation":{"isEuler":true,"_x":-6.70539281667364e-8,"_y":0.0000031273817167384154,"_z":-8.419156250917633e-7,"_order":"XYZ"},"scale":{"x":1,"y":0.9999998211860658,"z":0.999999642372131},"name":"Bone016_end","children":[{"position":{"x":1.0430812924511201e-7,"y":0.684635102748871,"z":-2.9802322387695312e-8},"rotation":{"isEuler":true,"_x":1.639134103797809e-7,"_y":-0.0000018831341347749817,"_z":6.780029724226528e-7,"_order":"XYZ"},"scale":{"x":1,"y":1.0000000000000002,"z":1.0000000000000002},"name":"Bone016_end_end","children":[]}]}]}]}]}]},{"position":{"x":5.891444336578769e-9,"y":1.3035864829997084,"z":1.4902372921902996e-8},"rotation":{"isEuler":true,"_x":0.8312501713339336,"_y":0.14376518611876796,"_z":1.159876095574991,"_order":"XYZ"},"scale":{"x":1.000000119209286,"y":1.0000317263572323,"z":0.9999044625304077},"name":"shoulder_02_right","children":[{"position":{"x":-9.12703424812174e-8,"y":0.8992530703482075,"z":-3.5620179903511455e-8},"rotation":{"isEuler":true,"_x":1.17843914592422,"_y":0.7399318485849884,"_z":0.40132651391623364,"_order":"XYZ"},"scale":{"x":0.9999999403953551,"y":0.9999997615792273,"z":1.00201593905332},"name":"shoulder_01_right","children":[{"position":{"x":-1.9034948713530135,"y":5.408412929500529,"z":0.32145311316526803},"rotation":{"isEuler":true,"_x":0.3063309303271522,"_y":-0.03284352007609925,"_z":-0.051840399818064764,"_order":"XYZ"},"scale":{"x":0.9999999403969934,"y":0.9999998199638771,"z":1.0000000978805865},"name":"elbow_right","children":[{"position":{"x":-1.263581945167898,"y":4.301546484360637,"z":-0.8909057091125027},"rotation":{"isEuler":true,"_x":0.11802899961460865,"_y":0.06979228787447647,"_z":0.1284040244338743,"_order":"XYZ"},"scale":{"x":1.0000003576298522,"y":0.9999998211872436,"z":1.0000001192118024},"name":"wrist_right","children":[{"position":{"x":-2.533197385190533e-7,"y":0.6151750087738026,"z":-1.7881393388208267e-7},"rotation":{"isEuler":true,"_x":0.0000024102631407412065,"_y":0.0000022687006870867527,"_z":-7.413353954644056e-7,"_order":"XYZ"},"scale":{"x":1.0000001192092896,"y":1.0000002384185789,"z":1.0000001192092896},"name":"Bone020_end","children":[{"position":{"x":2.831220635712839e-7,"y":0.6151758432388301,"z":-2.086162567138672e-7},"rotation":{"isEuler":true,"_x":-0.0000014044340588017274,"_y":-0.0000016987329556948725,"_z":4.935997725627662e-7,"_order":"XYZ"},"scale":{"x":0.9999999403953553,"y":0.9999999999999998,"z":0.9999999403953551},"name":"Bone020_end_end","children":[]}]}]}]}]}]},{"position":{"x":0.06884695025529547,"y":-5.706943404619612,"z":-0.05301530257883025},"rotation":{"isEuler":true,"_x":0.33115137580106796,"_y":-7.497009387610833e-7,"_z":-0.000001022076241569852,"_order":"XYZ"},"scale":{"x":0.999999941447288,"y":0.9999938066095125,"z":0.9999997063936791},"name":"neck","children":[{"position":{"x":0.4909625717268645,"y":-0.8659669754771276,"z":2.962584479963376},"rotation":{"isEuler":true,"_x":-0.5536224374231411,"_y":-0.10023929053678798,"_z":0.03705657122398331,"_order":"XYZ"},"scale":{"x":1.0000000575929107,"y":10.051640830308934,"z":1.0000189983747416},"name":"head","children":[{"position":{"x":-3.2959746043559335e-16,"y":1.0533632040023795,"z":-4.4703483564195734e-8},"rotation":{"isEuler":true,"_x":-9.639190778898931e-8,"_y":1.301446064173237e-18,"_z":4.215644069162302e-16,"_order":"XYZ"},"scale":{"x":1,"y":0.999999761581421,"z":0.9999997615814212},"name":"Bone004_end","children":[{"position":{"x":3.469446951953614e-18,"y":1.0533627271652222,"z":5.587935447692871e-8},"rotation":{"isEuler":true,"_x":-2.3283064382734194e-9,"_y":-1.8211224076089256e-20,"_z":1.3686490710650256e-17,"_order":"XYZ"},"scale":{"x":1,"y":1.0000000000000002,"z":1.0000000000000002},"name":"Bone004_end_end",