{"pose":{"position":{"x":-3.552713678800501e-15,"y":-0.2265719771385184,"z":0.5865437984466553},"rotation":{"isEuler":true,"_x":2.161706426231263,"_y":-0.035332831025459074,"_z":-0.0025525862619993956,"_order":"XYZ"},"scale":{"x":1.3281284291462567,"y":1.3281282708210103,"z":1.3281284291462567},"name":"root","children":[{"position":{"x":-2.520777896836135e-8,"y":0.49590420722961515,"z":-2.980232949312267e-8},"rotation":{"isEuler":true,"_x":0.3541785117400792,"_y":-0.15624300991543022,"_z":1.5617425091331882,"_order":"XYZ"},"scale":{"x":0.4580583976876751,"y":0.9999999403953553,"z":0.684748742565444},"name":"crotch_right","children":[{"position":{"x":1.320017565257435,"y":0.7723037118181142,"z":0.8796127682595539},"rotation":{"isEuler":true,"_x":0.997913503651595,"_y":-0.498112547963886,"_z":-0.889931011364695,"_order":"XYZ"},"scale":{"x":1.4677123352924422,"y":0.9999999999999998,"z":1.0000002384185789},"name":"hip_right","children":[{"position":{"x":4.440892098500626e-16,"y":2.2185254096984868,"z":0},"rotation":{"isEuler":true,"_x":-0.07572397216956343,"_y":-0.0017771740345088709,"_z":-0.011226500275205688,"_order":"XYZ"},"scale":{"x":1.0339637189739923,"y":1.0577185733031003,"z":1.4796052527765156},"name":"knee_right","children":[{"position":{"x":-2.9802322387695312e-8,"y":2.341166019439697,"z":1.7881393454821648e-7},"rotation":{"isEuler":true,"_x":-1.5582982307583784,"_y":0.6885378245956275,"_z":0.9642802686734421,"_order":"XYZ"},"scale":{"x":0.9999999999999998,"y":0.9999998211860652,"z":0.9999998807907103},"name":"feet_right","children":[{"position":{"x":-3.203749658897692e-7,"y":0.6828674674034118,"z":1.9371509552001953e-7},"rotation":{"isEuler":true,"_x":4.728786701884367e-7,"_y":-9.546056487413934e-7,"_z":-7.417982066266124e-7,"_order":"XYZ"},"scale":{"x":1.0000001192092893,"y":0.9999998807907103,"z":1.0000001192092896},"name":"Bone012_end","children":[{"position":{"x":-1.1920928910669204e-7,"y":0.6828677654266359,"z":2.9802322165650708e-8},"rotation":{"isEuler":true,"_x":3.5739492729954715e-7,"_y":4.069880983469731e-7,"_z":6.910412617469801e-7,"_order":"XYZ"},"scale":{"x":0.9999999999999999,"y":0.9999999403953554,"z":1},"name":"Bone012_end_end","children":[]}]}]}]}]}]},{"position":{"x":-1.3759826611448034e-14,"y":0.4959041476249699,"z":-5.9604644331301415e-8},"rotation":{"isEuler":true,"_x":-2.727335022971892,"_y":0.08537291589418458,"_z":0.05356318923110832,"_order":"XYZ"},"scale":{"x":1,"y":0.9999999403953556,"z":0.9999991655349734},"name":"spine_01","children":[{"position":{"x":6.176031438449928e-13,"y":1.7832167191444395,"z":0.013001116898416081},"rotation":{"isEuler":true,"_x":0.7607829346962487,"_y":-0.09470891140127637,"_z":-0.012446227339134808,"_order":"XYZ"},"scale":{"x":1,"y":0.9999998807907106,"z":1.0000003576278687},"name":"spine_02","children":[{"position":{"x":5.753868861907305e-9,"y":1.098620376239948,"z":-0.015686903886798786},"rotation":{"isEuler":true,"_x":-0.002327612969284329,"_y":0.07843928706689575,"_z":-1.8107544261870725,"_order":"XYZ"},"scale":{"x":1.0000000000000002,"y":1.0000001192092893,"z":1.1062178496167727},"name":"shoulder_01_left","children":[{"position":{"x":1.2698452445309263,"y":1.5375183824925012,"z":-0.08701917833690959},"rotation":{"isEuler":true,"_x":-0.07946584271259756,"_y":0.014082699239521938,"_z":-1.119512115127087,"_order":"XYZ"},"scale":{"x":0.9999995231628417,"y":0.9246115593726482,"z":1.3162961844392838},"name":"shoulder_02_left","children":[{"position":{"x":7.4505797087454084e-9,"y":1.4634240865707389,"z":-1.8626451381287268e-8},"rotation":{"isEuler":true,"_x":0.33667252544562815,"_y":0.09134371468014177,"_z":0.21418108975412048,"_order":"XYZ"},"scale":{"x":2.250955946931964,"y":1.0000003576278687,"z":0.9999997615814211},"name":"elbow_left","children":[{"position":{"x":-2.682209014892578e-7,"y":1.4845403432846067,"z":-1.341104509666735e-7},"rotation":{"isEuler":true,"_x":0.09976450632845822,"_y":-0.022091019492678773,"_z":-0.11394266811291887,"_order":"XYZ"},"scale":{"x":0.9999999403953552,"y":0.9999998211860655,"z":0.9999999403953548},"name":"wrist_left","children":[{"position":{"x":7.450580596923828e-8,"y":0.6846354603767395,"z":1.1920928955078125e-7},"rotation":{"isEuler":true,"_x":-6.70539281667364e-8,"_y":0.0000031273817167384154,"_z":-8.419156250917633e-7,"_order":"XYZ"},"scale":{"x":1,"y":0.9999998211860658,"z":0.999999642372131},"name":"Bone016_end","children":[{"position":{"x":1.0430812924511201e-7,"y":0.684635102748871,"z":-2.9802322387695312e-8},"rotation":{"isEuler":true,"_x":1.639134103797809e-7,"_y":-0.0000018831341347749817,"_z":6.780029724226528e-7,"_order":"XYZ"},"scale":{"x":1,"y":1.0000000000000002,"z":1.0000000000000002},"name":"Bone016_end_end","children":[]}]}]}]}]}]},{"position":{"x":5.895673550132054e-9,"y":1.2089518932843792,"z":-0.007242742139693588},"rotation":{"isEuler":true,"_x":0.0028046677780949325,"_y":-0.09376518295821384,"_z":1.8476572065542247,"_order":"XYZ"},"scale":{"x":1.0000001192092896,"y":1.0000001192092893,"z":1.264447008780669},"name":"shoulder_02_right","children":[{"position":{"x":-0.6840903187802156,"y":1.1559527173725264,"z":-0.047575641214741095},"rotation":{"isEuler":true,"_x":0.012176323477349295,"_y":0.05798270497928871,"_z":0.9437911572555494,"_order":"XYZ"},"scale":{"x":0.9999999403953551,"y":1.154264004610369,"z":1.216741250873538},"name":"shoulder_01_right","children":[{"position":{"x":2.6077032000415556e-7,"y":1.563113331794737,"z":-5.21540642894891e-8},"rotation":{"isEuler":true,"_x":0.30362028220993065,"_y":-0.03350346003052463,"_z":-0.06077164469632949,"_order":"XYZ"},"scale":{"x":0.9999999403953551,"y":0.9999998807907107,"z":0.999999821186066},"name":"elbow_right","children":[{"position":{"x":2.2351742678949904e-8,"y":1.4045748710632329,"z":7.450580596923828e-8},"rotation":{"isEuler":true,"_x":0.11802899961779408,"_y":0.06979228787447797,"_z":0.12840402443173174,"_order":"XYZ"},"scale":{"x":1.0000003576278689,"y":0.9999998211860657,"z":1.0000001192092896},"name":"wrist_right","children":[{"position":{"x":-2.533197385190533e-7,"y":0.6151750087738026,"z":-1.7881393388208267e-7},"rotation":{"isEuler":true,"_x":0.0000024102631407412065,"_y":0.0000022687006870867527,"_z":-7.413353954644056e-7,"_order":"XYZ"},"scale":{"x":1.0000001192092896,"y":1.0000002384185789,"z":1.0000001192092896},"name":"Bone020_end","children":[{"position":{"x":2.831220635712839e-7,"y":0.6151758432388301,"z":-2.086162567138672e-7},"rotation":{"isEuler":true,"_x":-0.0000014044340588017274,"_y":-0.0000016987329556948725,"_z":4.935997725627662e-7,"_order":"XYZ"},"scale":{"x":0.9999999403953553,"y":0.9999999999999998,"z":0.9999999403953551},"name":"Bone020_end_end","children":[]}]}]}]}]}]},{"position":{"x":-5.134781488891349e-16,"y":1.303586721420289,"z":-2.980232222116186e-8},"rotation":{"isEuler":true,"_x":0.3311438262462616,"_y":2.3895318116434035e-14,"_z":-7.497169074665198e-14,"_order":"XYZ"},"scale":{"x":0.9999999999999999,"y":1.0000000000000002,"z":0.999999761581421},"name":"neck","children":[{"position":{"x":3.252308541530896e-13,"y":0.8471132744697014,"z":-0.06943202792266374},"rotation":{"isEuler":true,"_x":-0.24364767968654633,"_y":-3.4855202336599913e-14,"_z":4.6375043164989094e-14,"_order":"XYZ"},"scale":{"x":1,"y":0.8978972815577854,"z":3.011681776745812},"name":"head","children":[{"position":{"x":-3.2959746043559335e-16,"y":1.0533632040023795,"z":-4.4703483564195734e-8},"rotation":{"isEuler":true,"_x":-9.639190778898931e-8,"_y":1.301446064173237e-18,"_z":4.215644069162302e-16,"_order":"XYZ"},"scale":{"x":1,"y":0.999999761581421,"z":0.9999997615814212},"name":"Bone004_end","children":[{"position":{"x":3.469446951953614e-18,"y":1.0533627271652222,"z":5.587935447692871e-8},"rotation":{"isEuler":true,"_x":-2.3283064382734194e-9,"_y":-1.8211224076089256e-20,"_z":1.3686490710650256e-17,"_order":"XYZ"},"scale":{"x":1,"y":1.0000000000000002,"z":1.0000000000000002},"name":"Bone004_end_end","children":[]}]}]}]}]}]},{"position":{"x":5.130794018814999e-9,