{"pose":{"position":{"x":-0.11776446177259615,"y":1.842992085939348,"z":-0.36027052794103376},"rotation":{"isEuler":true,"_x":2.5218482706774044,"_y":0.00044404285632804186,"_z":0.0004146742792794228,"_order":"XYZ"},"scale":{"x":1.0000000000735747,"y":0.999999848988487,"z":1.0000000000512448},"name":"root","children":[{"position":{"x":-2.520777896836135e-8,"y":0.49590420722961515,"z":-2.980232949312267e-8},"rotation":{"isEuler":true,"_x":-0.16588980145667104,"_y":-0.07822028955519947,"_z":1.397329935102609,"_order":"XYZ"},"scale":{"x":0.999999821186066,"y":0.9999999403953553,"z":0.9999995827674868},"name":"crotch_right","children":[{"position":{"x":-0.004261311312560023,"y":0.7118703372161267,"z":-0.00498230374779185},"rotation":{"isEuler":true,"_x":0.906855131949658,"_y":-0.4007142797127896,"_z":-0.7980783728143707,"_order":"XYZ"},"scale":{"x":1.361020649909964,"y":0.9999999999076197,"z":1.0000002384185789},"name":"hip_right","children":[{"position":{"x":5.3988003248362585e-11,"y":2.21852540880413,"z":6.087453015079723e-11},"rotation":{"isEuler":true,"_x":-0.07357397018435946,"_y":-0.001963238868794674,"_z":-0.00858312162653041,"_order":"XYZ"},"scale":{"x":0.9999998325839292,"y":0.9999994614595712,"z":0.9999996423721345},"name":"knee_right","children":[{"position":{"x":7.090948076156659e-7,"y":2.3411661956340284,"z":4.041789071678736e-7},"rotation":{"isEuler":true,"_x":-0.9441773634357326,"_y":0.4221608262543542,"_z":-0.8176163533555999,"_order":"XYZ"},"scale":{"x":0.9999936139737216,"y":0.9999999694340594,"z":1.000009865407708},"name":"feet_right","children":[{"position":{"x":-3.203749658897692e-7,"y":0.6828674674034118,"z":1.9371509552001953e-7},"rotation":{"isEuler":true,"_x":4.728786701884367e-7,"_y":-9.546056487413934e-7,"_z":-7.417982066266124e-7,"_order":"XYZ"},"scale":{"x":1.0000001192092893,"y":0.9999998807907103,"z":1.0000001192092896},"name":"Bone012_end","children":[{"position":{"x":-1.1920928910669204e-7,"y":0.6828677654266359,"z":2.9802322165650708e-8},"rotation":{"isEuler":true,"_x":3.5739492729954715e-7,"_y":4.069880983469731e-7,"_z":6.910412617469801e-7,"_order":"XYZ"},"scale":{"x":0.9999999999999999,"y":0.9999999403953554,"z":1},"name":"Bone012_end_end","children":[]}]}]}]}]}]},{"position":{"x":-3.11572259809395e-7,"y":0.4958995558577688,"z":0.0000071538768027122265},"rotation":{"isEuler":true,"_x":-2.5484988689422474,"_y":1.9770048619694227e-7,"_z":-1.332579929085526e-7,"_order":"XYZ"},"scale":{"x":1,"y":0.9999999403953556,"z":0.9999991655349734},"name":"spine_01","children":[{"position":{"x":-4.392122617120187e-7,"y":1.2681767786355667,"z":0.00001506308208915454},"rotation":{"isEuler":true,"_x":-0.051149958966594154,"_y":-8.30804863993491e-7,"_z":7.000442781044205e-7,"_order":"XYZ"},"scale":{"x":1,"y":0.9999998807907106,"z":1.0000003576278687},"name":"spine_02","children":[{"position":{"x":5.754126071455534e-9,"y":1.3035868406295785,"z":-1.4901161027314203e-8},"rotation":{"isEuler":true,"_x":-0.0101345845332842,"_y":0.0032247481623648116,"_z":-1.6079557171278231,"_order":"XYZ"},"scale":{"x":1.0000000000000002,"y":1.0000001192092893,"z":0.9999997022744609},"name":"shoulder_01_left","children":[{"position":{"x":-2.458674659882933e-7,"y":0.9416007402149033,"z":-3.544269758908883e-8},"rotation":{"isEuler":true,"_x":-0.05333840575760357,"_y":0.0047381922909743995,"_z":-1.0491475866132987,"_order":"XYZ"},"scale":{"x":0.9999995234690489,"y":1.0000076046896986,"z":0.9999999404006263},"name":"shoulder_02_left","children":[{"position":{"x":-0.000024296026545462916,"y":1.4634115925560978,"z":-0.000013760832861495296},"rotation":{"isEuler":true,"_x":0.3366672495627748,"_y":0.09134336761305538,"_z":0.2142121639934595,"_order":"XYZ"},"scale":{"x":0.9999999404912542,"y":1.000000357904627,"z":0.9999997615692153},"name":"elbow_left","children":[{"position":{"x":-0.000016582268476390653,"y":1.4845544035966844,"z":0.000033170473091285665},"rotation":{"isEuler":true,"_x":0.09975031935269853,"_y":-0.022083617632785716,"_z":-0.11398803295917992,"_order":"XYZ"},"scale":{"x":0.9999999403138194,"y":0.9999998211045297,"z":0.999999940313819},"name":"wrist_left","children":[{"position":{"x":7.450580596923828e-8,"y":0.6846354603767395,"z":1.1920928955078125e-7},"rotation":{"isEuler":true,"_x":-6.70539281667364e-8,"_y":0.0000031273817167384154,"_z":-8.419156250917633e-7,"_order":"XYZ"},"scale":{"x":1,"y":0.9999998211860658,"z":0.999999642372131},"name":"Bone016_end","children":[{"position":{"x":1.0430812924511201e-7,"y":0.684635102748871,"z":-2.9802322387695312e-8},"rotation":{"isEuler":true,"_x":1.639134103797809e-7,"_y":-0.0000018831341347749817,"_z":6.780029724226528e-7,"_order":"XYZ"},"scale":{"x":1,"y":1.0000000000000002,"z":1.0000000000000002},"name":"Bone016_end_end","children":[]}]}]}]}]}]},{"position":{"x":5.895792305754544e-9,"y":1.3035864830017099,"z":1.490116136038111e-8},"rotation":{"isEuler":true,"_x":-0.009629932085644631,"_y":-0.002684839353960847,"_z":1.601922687824384,"_order":"XYZ"},"scale":{"x":1.0000001192092896,"y":1.0000001192092893,"z":0.9999999403953551},"name":"shoulder_02_right","children":[{"position":{"x":-4.55458656671787e-8,"y":0.8992530688696225,"z":-3.1699217509199644e-8},"rotation":{"isEuler":true,"_x":-0.17228300941974742,"_y":-0.16336259273221712,"_z":1.4659369718091226,"_order":"XYZ"},"scale":{"x":1.5180136099322323,"y":1.5180133384628463,"z":1.5180136102795327},"name":"shoulder_01_right","children":[{"position":{"x":-0.145991781055433,"y":2.605302416538388,"z":0.05126177070503295},"rotation":{"isEuler":true,"_x":0.3036205798345918,"_y":-0.03350206280144629,"_z":-0.06076635282243395,"_order":"XYZ"},"scale":{"x":0.9999999401540853,"y":0.9999998805834219,"z":0.9999998209043082},"name":"elbow_right","children":[{"position":{"x":2.2321452278177707e-8,"y":1.4045748703241754,"z":7.451812404389953e-8},"rotation":{"isEuler":true,"_x":0.11802899961779408,"_y":0.06979228787447797,"_z":0.12840402443173174,"_order":"XYZ"},"scale":{"x":2.8419838949040273,"y":2.841982367492968,"z":2.8419832157342606},"name":"wrist_right","children":[{"position":{"x":-2.533197385190533e-7,"y":0.6151750087738026,"z":-1.7881393388208267e-7},"rotation":{"isEuler":true,"_x":0.0000024102631407412065,"_y":0.0000022687006870867527,"_z":-7.413353954644056e-7,"_order":"XYZ"},"scale":{"x":1.0000001192092896,"y":1.0000002384185789,"z":1.0000001192092896},"name":"Bone020_end","children":[{"position":{"x":2.831220635712839e-7,"y":0.6151758432388301,"z":-2.086162567138672e-7},"rotation":{"isEuler":true,"_x":-0.0000014044340588017274,"_y":-0.0000016987329556948725,"_z":4.935997725627662e-7,"_order":"XYZ"},"scale":{"x":0.9999999403953553,"y":0.9999999999999998,"z":0.9999999403953551},"name":"Bone020_end_end","children":[]}]}]}]}]}]},{"position":{"x":2.3704831442966627,"y":0.9359811244303478,"z":0.708824256147093},"rotation":{"isEuler":true,"_x":0.33451114514079205,"_y":0.00045958866259679376,"_z":-0.0005276086423649518,"_order":"XYZ"},"scale":{"x":0.9311689831129796,"y":0.9311689831129799,"z":0.9311687611049939},"name":"neck","children":[{"position":{"x":1.8067962350311672e-10,"y":0.5804949996939051,"z":-4.2481293714508514e-11},"rotation":{"isEuler":true,"_x":-0.24243834785039792,"_y":-0.0006875474849261654,"_z":-0.00009689198438298657,"_order":"XYZ"},"scale":{"x":4.701019671598639,"y":1.174020084116301,"z":0.729202167815237},"name":"head","children":[{"position":{"x":-3.2959746043559335e-16,"y":1.0533632040023795,"z":-4.4703483564195734e-8},"rotation":{"isEuler":true,"_x":-9.639190778898931e-8,"_y":1.301446064173237e-18,"_z":4.215644069162302e-16,"_order":"XYZ"},"scale":{"x":1,"y":0.999999761581421,"z":0.9999997615814212},"name":"Bone004_end","children":[{"position":{"x":3.469446951953614e-18,"y":1.0533627271652222,"z":5.587935447692871e-8},"rotation":{"isEuler":true,"_x":-2.3283064382734194e-9,"_y":-1.8211224076089256e-20,"_z":1.3686490710650256e-17,"_order":"XYZ"},"scale":{"x":1,"y":1.0000000000000002,"z":1.0000000000000002},"name":"Bone004_end_end",