{"pose":{"position":{"x":-0.000002899315399549577,"y":-0.2266769030162905,"z":0.5865699460569245},"rotation":{"isEuler":true,"_x":2.523241288477974,"_y":0.000007385149904469966,"_z":0.0000063683519991979956,"_order":"XYZ"},"scale":{"x":1.0000196155414471,"y":0.9960377168284766,"z":1.0000318990324464},"name":"root","children":[{"position":{"x":1.6174512928558837e-7,"y":0.4959047372564268,"z":-8.591457811203294e-7},"rotation":{"isEuler":true,"_x":-0.7958288498559006,"_y":-0.035112623911535606,"_z":1.3544171781686543,"_order":"XYZ"},"scale":{"x":0.9999997576038452,"y":0.9999999767651329,"z":0.9999997133605415},"name":"crotch_right","children":[{"position":{"x":4.598619275705327e-7,"y":0.7142819850778059,"z":-3.881489764623821e-7},"rotation":{"isEuler":true,"_x":1.0011740558700855,"_y":-0.3335168593342932,"_z":-1.0242265337421144,"_order":"XYZ"},"scale":{"x":1.6582768631861218,"y":1.110859065459036,"z":1.3171546647081283},"name":"hip_right","children":[{"position":{"x":-1.5205286852095863e-7,"y":2.218524742917859,"z":5.548023762184493e-8},"rotation":{"isEuler":true,"_x":2.170973775308123,"_y":1.3965719741381484,"_z":0.4024826443718511,"_order":"XYZ"},"scale":{"x":1.301130184643127,"y":1.0086517099235268,"z":1.609657550208924},"name":"knee_right","children":[{"position":{"x":-2.9802322375397612e-8,"y":2.341166019439697,"z":1.78813934557053e-7},"rotation":{"isEuler":true,"_x":-0.9441872540228518,"_y":0.4221573227734024,"_z":-0.8176110502462882,"_order":"XYZ"},"scale":{"x":1.336789135129389,"y":1.1926853892121145,"z":1.2125976635627689},"name":"feet_right","children":[{"position":{"x":-3.203749658897692e-7,"y":0.6828674674034118,"z":1.9371509552001953e-7},"rotation":{"isEuler":true,"_x":4.728786701884367e-7,"_y":-9.546056487413934e-7,"_z":-7.417982066266124e-7,"_order":"XYZ"},"scale":{"x":1.0000001192092893,"y":0.9999998807907103,"z":1.0000001192092896},"name":"Bone012_end","children":[{"position":{"x":-1.1920928910669204e-7,"y":0.6828677654266359,"z":2.9802322165650708e-8},"rotation":{"isEuler":true,"_x":3.5739492729954715e-7,"_y":4.069880983469731e-7,"_z":6.910412617469801e-7,"_order":"XYZ"},"scale":{"x":0.9999999999999999,"y":0.9999999403953554,"z":1},"name":"Bone012_end_end","children":[]}]}]}]}]}]},{"position":{"x":1.0397698137729094e-7,"y":0.4958698519608531,"z":0.00003204086157530426},"rotation":{"isEuler":true,"_x":-1.9325070348085,"_y":-0.04675927417398291,"_z":-0.1570924044792281,"_order":"XYZ"},"scale":{"x":1,"y":1.0578202624833546,"z":1.0000213074038642},"name":"spine_01","children":[{"position":{"x":-1.2725164627195832e-7,"y":1.2681717728394601,"z":0.00003899366249523594},"rotation":{"isEuler":true,"_x":-0.07158602214993627,"_y":0.04314771584197366,"_z":0.22014116295478556,"_order":"XYZ"},"scale":{"x":1.0000000599733738,"y":0.9999964758931654,"z":1.0000015019814088},"name":"spine_02","children":[{"position":{"x":-0.000014386799005631536,"y":1.303584908136638,"z":-0.00005727560657908717},"rotation":{"isEuler":true,"_x":0.0313660622880946,"_y":0.5260690721134855,"_z":-2.3135660768131063,"_order":"XYZ"},"scale":{"x":1.0000000000000002,"y":1.0000001192092893,"z":0.9999997019767761},"name":"shoulder_01_left","children":[{"position":{"x":0.00001152289466687089,"y":0.9416012468427356,"z":0.00006197221491072071},"rotation":{"isEuler":true,"_x":-0.041213923697040765,"_y":-0.022003021203351812,"_z":-1.133899861691751,"_order":"XYZ"},"scale":{"x":0.9999995231628481,"y":0.9999996423721323,"z":0.9999999403953618},"name":"shoulder_02_left","children":[{"position":{"x":0.9937517114095313,"y":0.25073778549112113,"z":-0.5662122630746961},"rotation":{"isEuler":true,"_x":0.33667151480142893,"_y":0.09134369653692191,"_z":0.21418079586512778,"_order":"XYZ"},"scale":{"x":1.0000004022826918,"y":1.0000003426943356,"z":0.9999997615814211},"name":"elbow_left","children":[{"position":{"x":-2.6822090146697354e-7,"y":1.4845403432846067,"z":-1.3411045095080686e-7},"rotation":{"isEuler":true,"_x":0.09976450625955471,"_y":-0.022091019887213036,"_z":-0.11394267167954429,"_order":"XYZ"},"scale":{"x":0.999999940395355,"y":0.999999821186065,"z":0.9999999403953548},"name":"wrist_left","children":[{"position":{"x":7.450580596923828e-8,"y":0.6846354603767395,"z":1.1920928955078125e-7},"rotation":{"isEuler":true,"_x":-6.70539281667364e-8,"_y":0.0000031273817167384154,"_z":-8.419156250917633e-7,"_order":"XYZ"},"scale":{"x":1,"y":0.9999998211860658,"z":0.999999642372131},"name":"Bone016_end","children":[{"position":{"x":1.0430812924511201e-7,"y":0.684635102748871,"z":-2.9802322387695312e-8},"rotation":{"isEuler":true,"_x":1.639134103797809e-7,"_y":-0.0000018831341347749817,"_z":6.780029724226528e-7,"_order":"XYZ"},"scale":{"x":1,"y":1.0000000000000002,"z":1.0000000000000002},"name":"Bone016_end_end","children":[]}]}]}]}]}]},{"position":{"x":-0.00003648277916208035,"y":1.3035696867211577,"z":0.000010182418702718403},"rotation":{"isEuler":true,"_x":0.11110712863533127,"_y":0.003414087697919847,"_z":1.7769746142720733,"_order":"XYZ"},"scale":{"x":1.0000001192092896,"y":1.0000001192092893,"z":0.999999940395355},"name":"shoulder_02_right","children":[{"position":{"x":-0.000006203441685471815,"y":0.8992006484399283,"z":0.00002443281800753672},"rotation":{"isEuler":true,"_x":0.4916758001952327,"_y":0.058552993494826205,"_z":1.5812025797780864,"_order":"XYZ"},"scale":{"x":0.9999999401727738,"y":0.9999997622731294,"z":0.999999940395358},"name":"shoulder_01_right","children":[{"position":{"x":-4.5474616357537754e-8,"y":1.5631129203311382,"z":-1.204096369670562e-7},"rotation":{"isEuler":true,"_x":0.30362028531438484,"_y":-0.0335034565823079,"_z":-0.06077159452718048,"_order":"XYZ"},"scale":{"x":0.9999999403953551,"y":0.48955951723420005,"z":0.9999985280205118},"name":"elbow_right","children":[{"position":{"x":2.2351742497369962e-8,"y":1.4045748710632329,"z":7.45058060212149e-8},"rotation":{"isEuler":true,"_x":0.11802899961779408,"_y":0.06979228787447797,"_z":0.12840402443173174,"_order":"XYZ"},"scale":{"x":1.0000003576278689,"y":0.9999998211860657,"z":1.0000001192092896},"name":"wrist_right","children":[{"position":{"x":-2.533197385190533e-7,"y":0.6151750087738026,"z":-1.7881393388208267e-7},"rotation":{"isEuler":true,"_x":0.0000024102631407412065,"_y":0.0000022687006870867527,"_z":-7.413353954644056e-7,"_order":"XYZ"},"scale":{"x":1.0000001192092896,"y":1.0000002384185789,"z":1.0000001192092896},"name":"Bone020_end","children":[{"position":{"x":2.831220635712839e-7,"y":0.6151758432388301,"z":-2.086162567138672e-7},"rotation":{"isEuler":true,"_x":-0.0000014044340588017274,"_y":-0.0000016987329556948725,"_z":4.935997725627662e-7,"_order":"XYZ"},"scale":{"x":0.9999999403953553,"y":0.9999999999999998,"z":0.9999999403953551},"name":"Bone020_end_end","children":[]}]}]}]}]}]},{"position":{"x":0.22647664818883276,"y":3.211964570517634,"z":4.5981045828645355},"rotation":{"isEuler":true,"_x":1.6475985467299274,"_y":-0.000008432101422725173,"_z":-0.000008120699509395586,"_order":"XYZ"},"scale":{"x":0.971728724433122,"y":0.999999999962977,"z":0.9999678805210462},"name":"neck","children":[{"position":{"x":-0.6374968793336766,"y":-2.1745738502487018,"z":7.574622239641237},"rotation":{"isEuler":true,"_x":-1.1434449570254124,"_y":-0.2408367431578358,"_z":-0.22733609938165336,"_order":"XYZ"},"scale":{"x":1.4833241174656921,"y":1.1318532311711644,"z":1.0773040862737275},"name":"head","children":[{"position":{"x":-3.2959746043559335e-16,"y":1.0533632040023795,"z":-4.4703483564195734e-8},"rotation":{"isEuler":true,"_x":-9.639190778898931e-8,"_y":1.301446064173237e-18,"_z":4.215644069162302e-16,"_order":"XYZ"},"scale":{"x":1,"y":0.999999761581421,"z":0.9999997615814212},"name":"Bone004_end","children":[{"position":{"x":3.469446951953614e-18,"y":1.0533627271652222,"z":5.587935447692871e-8},"rotation":{"isEuler":true,"_x":-2.3283064382734194e-9,"_y":-1.8211224076089256e-20,"_z":1.3686490710650256e-17,"_order":"XYZ"},"scale":{"x":1,"y":1.0000000000000002,"z":1.0000000000000002},"name":"Bone004_end_end",