{"pose":{"position":{"x":-3.552713678800501e-15,"y":-0.2265719771385184,"z":0.5865437984466553},"rotation":{"isEuler":true,"_x":2.5232613086700573,"_y":2.3841869197304895e-7,"_z":-5.941599535271671e-14,"_order":"XYZ"},"scale":{"x":1,"y":0.9999998807907104,"z":1},"name":"root","children":[{"position":{"x":-2.520777896836135e-8,"y":0.49590420722961515,"z":-2.980232949312267e-8},"rotation":{"isEuler":true,"_x":-0.16588980150428628,"_y":-0.07822027838107568,"_z":1.3973299235189425,"_order":"XYZ"},"scale":{"x":0.999999821186066,"y":0.9999999403953553,"z":0.9999995827674868},"name":"crotch_right","children":[{"position":{"x":1.341104507446289e-7,"y":0.714281916618347,"z":-2.9802322387695312e-8},"rotation":{"isEuler":true,"_x":0.8400674755549024,"_y":-0.1299871983406317,"_z":-0.6110517222146415,"_order":"XYZ"},"scale":{"x":0.9999999999999998,"y":0.9999999999999998,"z":1.0000093345438332},"name":"hip_right","children":[{"position":{"x":2.6604586827920866e-10,"y":2.2185252781516915,"z":3.5933643478049842e-9},"rotation":{"isEuler":true,"_x":-0.06792967429563102,"_y":0.0020295729351824665,"_z":-0.008233733248203423,"_order":"XYZ"},"scale":{"x":0.9987996095633066,"y":0.9987992523646675,"z":0.9987994309639872},"name":"knee_right","children":[{"position":{"x":-2.9802322387695312e-8,"y":2.341166019439697,"z":1.7881393454821648e-7},"rotation":{"isEuler":true,"_x":-0.868469967117286,"_y":0.2632155074552841,"_z":-1.1545697223059566,"_order":"XYZ"},"scale":{"x":2.590132130465659,"y":0.8425903314861419,"z":1.1280703149812228},"name":"feet_right","children":[{"position":{"x":-3.203749658897692e-7,"y":0.6828674674034118,"z":1.9371509552001953e-7},"rotation":{"isEuler":true,"_x":4.728786701884367e-7,"_y":-9.546056487413934e-7,"_z":-7.417982066266124e-7,"_order":"XYZ"},"scale":{"x":1.0000001192092893,"y":0.9999998807907103,"z":1.0000001192092896},"name":"Bone012_end","children":[{"position":{"x":-1.1920928910669204e-7,"y":0.6828677654266359,"z":2.9802322165650708e-8},"rotation":{"isEuler":true,"_x":3.5739492729954715e-7,"_y":4.069880983469731e-7,"_z":6.910412617469801e-7,"_order":"XYZ"},"scale":{"x":0.9999999999999999,"y":0.9999999403953554,"z":1},"name":"Bone012_end_end","children":[]}]}]}]}]}]},{"position":{"x":-0.0019090034676191858,"y":0.4974079579745641,"z":-0.0010558567443858802},"rotation":{"isEuler":true,"_x":-2.5485042389281003,"_y":1.7805092708528606e-7,"_z":-0.0000022742460692394464,"_order":"XYZ"},"scale":{"x":1.0010416868114635,"y":1.0010416271447296,"z":1.0010408514771856},"name":"spine_01","children":[{"position":{"x":0.0045918503963104755,"y":-0.04361250988721532,"z":-0.03718835143015007},"rotation":{"isEuler":true,"_x":-0.0511487944626811,"_y":5.4954476429011954e-8,"_z":-4.681862193554973e-7,"_order":"XYZ"},"scale":{"x":1,"y":0.9999998807907106,"z":1.0000003576278687},"name":"spine_02","children":[{"position":{"x":0.5678707896681576,"y":1.3035883094363412,"z":6.6414863602961e-8},"rotation":{"isEuler":true,"_x":-0.010134173952345183,"_y":0.0032242970670859797,"_z":-1.6079528628519213,"_order":"XYZ"},"scale":{"x":1.0000000000000002,"y":1.0000001192092893,"z":0.9999997019767761},"name":"shoulder_01_left","children":[{"position":{"x":0.0011627327820972792,"y":0.9103177203439441,"z":-0.00010101012330892694},"rotation":{"isEuler":true,"_x":0.6618501528758417,"_y":-0.047857270768124884,"_z":-0.49592319939299506,"_order":"XYZ"},"scale":{"x":0.9999995231628417,"y":0.9999996423721313,"z":0.9999999403953553},"name":"shoulder_02_left","children":[{"position":{"x":7.4505797087454084e-9,"y":1.4634240865707389,"z":-1.8626451381287268e-8},"rotation":{"isEuler":true,"_x":2.2215440820602583,"_y":0.030988537173873513,"_z":-0.34380164890807635,"_order":"XYZ"},"scale":{"x":0.9999999403953553,"y":1.0000003576278687,"z":0.9999997615814211},"name":"elbow_left","children":[{"position":{"x":-2.682209014892578e-7,"y":1.4845403432846067,"z":-1.341104509666735e-7},"rotation":{"isEuler":true,"_x":0.09790630886881757,"_y":-0.02232236162709684,"_z":-0.11370068438721846,"_order":"XYZ"},"scale":{"x":0.9999999403953552,"y":0.9999998211860655,"z":0.9999999403953548},"name":"wrist_left","children":[{"position":{"x":7.450580596923828e-8,"y":0.6846354603767395,"z":1.1920928955078125e-7},"rotation":{"isEuler":true,"_x":-6.70539281667364e-8,"_y":0.0000031273817167384154,"_z":-8.419156250917633e-7,"_order":"XYZ"},"scale":{"x":1,"y":0.9999998211860658,"z":0.999999642372131},"name":"Bone016_end","children":[{"position":{"x":1.0430812924511201e-7,"y":0.684635102748871,"z":-2.9802322387695312e-8},"rotation":{"isEuler":true,"_x":1.639134103797809e-7,"_y":-0.0000018831341347749817,"_z":6.780029724226528e-7,"_order":"XYZ"},"scale":{"x":1,"y":1.0000000000000002,"z":1.0000000000000002},"name":"Bone016_end_end","children":[]}]}]}]}]}]},{"position":{"x":-0.790718455841178,"y":1.3035768030381816,"z":0.0000012906444206924064},"rotation":{"isEuler":true,"_x":-0.009629993430922263,"_y":-0.0026744764570339136,"_z":1.6019262418954585,"_order":"XYZ"},"scale":{"x":1.0000001192092896,"y":1.0000001192092893,"z":0.9999999403953551},"name":"shoulder_02_right","children":[{"position":{"x":-9.126961320049531e-8,"y":0.8992530703544619,"z":-3.562308847904205e-8},"rotation":{"isEuler":true,"_x":0.35627300366968645,"_y":0.26010728673746225,"_z":0.5131430787430931,"_order":"XYZ"},"scale":{"x":0.9999999403953551,"y":0.999999761581421,"z":0.9999999403953552},"name":"shoulder_01_right","children":[{"position":{"x":-0.000004893818498606737,"y":1.563125454179006,"z":0.000004543669093730698},"rotation":{"isEuler":true,"_x":2.4659701191585492,"_y":0.1086557006545973,"_z":0.5315343307200472,"_order":"XYZ"},"scale":{"x":0.9999999403953551,"y":0.9999998807907107,"z":0.999999821186066},"name":"elbow_right","children":[{"position":{"x":-0.0016804590302278988,"y":1.409236717494359,"z":0.00032651559957989906},"rotation":{"isEuler":true,"_x":0.11802899961779408,"_y":0.06979228787447797,"_z":0.12840402443173174,"_order":"XYZ"},"scale":{"x":1.0013175534939898,"y":1.0013170163455878,"z":1.0013173147613665},"name":"wrist_right","children":[{"position":{"x":-2.533197385190533e-7,"y":0.6151750087738026,"z":-1.7881393388208267e-7},"rotation":{"isEuler":true,"_x":0.0000024102631407412065,"_y":0.0000022687006870867527,"_z":-7.413353954644056e-7,"_order":"XYZ"},"scale":{"x":1.0000001192092896,"y":1.0000002384185789,"z":1.0000001192092896},"name":"Bone020_end","children":[{"position":{"x":2.831220635712839e-7,"y":0.6151758432388301,"z":-2.086162567138672e-7},"rotation":{"isEuler":true,"_x":-0.0000014044340588017274,"_y":-0.0000016987329556948725,"_z":4.935997725627662e-7,"_order":"XYZ"},"scale":{"x":0.9999999403953553,"y":0.9999999999999998,"z":0.9999999403953551},"name":"Bone020_end_end","children":[]}]}]}]}]}]},{"position":{"x":0.00001825992238993683,"y":0.9640111561784275,"z":-0.025965947654293962},"rotation":{"isEuler":true,"_x":0.3341050728413262,"_y":0.0006821235234731327,"_z":-0.0001640667732939749,"_order":"XYZ"},"scale":{"x":0.9999999999999999,"y":1.0000000000000002,"z":0.999999761581421},"name":"neck","children":[{"position":{"x":0.0000019223195406047675,"y":0.7280221400056037,"z":-0.03888443013527058},"rotation":{"isEuler":true,"_x":-0.24517541435200818,"_y":-0.00027320655782455544,"_z":-0.00013675512992735242,"_order":"XYZ"},"scale":{"x":1.5590819464791572,"y":0.23188812181891078,"z":1.7321296235982835},"name":"head","children":[{"position":{"x":-3.2959746043559335e-16,"y":1.0533632040023795,"z":-4.4703483564195734e-8},"rotation":{"isEuler":true,"_x":-9.639190778898931e-8,"_y":1.301446064173237e-18,"_z":4.215644069162302e-16,"_order":"XYZ"},"scale":{"x":1,"y":0.999999761581421,"z":0.9999997615814212},"name":"Bone004_end","children":[{"position":{"x":3.469446951953614e-18,"y":1.0533627271652222,"z":5.587935447692871e-8},"rotation":{"isEuler":true,"_x":-2.3283064382734194e-9,"_y":-1.8211224076089256e-20,"_z":1.3686490710650256e-17,"_order":"XYZ"},"scale":{"x":1,"y":1.0000000000000002,"z":1.0000000000000002},"name":"Bone004_end_end",