{"pose":{"position":{"x":-0.2829568327996943,"y":1.6467169413252,"z":0.71898793666662},"rotation":{"isEuler":true,"_x":2.665933655405152,"_y":-0.023932859612255438,"_z":0.020154605514660518,"_order":"XYZ"},"scale":{"x":1.440980555998806,"y":2.173901687922001,"z":1.1011654049976503},"name":"root","children":[{"position":{"x":0.7733270073752827,"y":0.4959042072296611,"z":1.5457547765275176e-7},"rotation":{"isEuler":true,"_x":-0.1658898014566709,"_y":-0.07822028955519997,"_z":1.3973299351026094,"_order":"XYZ"},"scale":{"x":0.999999821186066,"y":0.9999999403953553,"z":0.9999995827674868},"name":"crotch_right","children":[{"position":{"x":1.341104507446289e-7,"y":0.714281916618347,"z":-2.9802322387695312e-8},"rotation":{"isEuler":true,"_x":0.9481957935785307,"_y":-0.32849448357809014,"_z":-0.7569086686590033,"_order":"XYZ"},"scale":{"x":0.9999999999999998,"y":0.9999999999999998,"z":1.0000002384185789},"name":"hip_right","children":[{"position":{"x":0.37357837762771423,"y":2.1591858777232593,"z":0.2218161142464195},"rotation":{"isEuler":true,"_x":1.703183343703269,"_y":0.918019172584213,"_z":1.3680096569139688,"_order":"XYZ"},"scale":{"x":0.9999998211860656,"y":0.9999994635581972,"z":0.9999996423721315},"name":"knee_right","children":[{"position":{"x":0.42996593225752355,"y":2.02368862125379,"z":0.23380621470022162},"rotation":{"isEuler":true,"_x":-0.9441873689128136,"_y":0.42215747014375105,"_z":-0.817611126223199,"_order":"XYZ"},"scale":{"x":1.2847225016788357,"y":0.9999998211860652,"z":0.9999998807907103},"name":"feet_right","children":[{"position":{"x":-3.203749658897692e-7,"y":0.6828674674034118,"z":1.9371509552001953e-7},"rotation":{"isEuler":true,"_x":4.728786701884367e-7,"_y":-9.546056487413934e-7,"_z":-7.417982066266124e-7,"_order":"XYZ"},"scale":{"x":1.0000001192092893,"y":0.9999998807907103,"z":1.0000001192092896},"name":"Bone012_end","children":[{"position":{"x":-1.1920928910669204e-7,"y":0.6828677654266359,"z":2.9802322165650708e-8},"rotation":{"isEuler":true,"_x":3.5739492729954715e-7,"_y":4.069880983469731e-7,"_z":6.910412617469801e-7,"_order":"XYZ"},"scale":{"x":0.9999999999999999,"y":0.9999999403953554,"z":1},"name":"Bone012_end_end","children":[]}]}]}]}]}]},{"position":{"x":-1.3759826611448034e-14,"y":0.4959041476249699,"z":-5.9604644331301415e-8},"rotation":{"isEuler":true,"_x":-2.8260792115934565,"_y":2.2664971264026987e-7,"_z":-7.398127238274645e-8,"_order":"XYZ"},"scale":{"x":1,"y":0.9761722294241297,"z":0.9999991655349734},"name":"spine_01","children":[{"position":{"x":-1.3079815008865125e-15,"y":1.268173336982727,"z":-7.450580624679404e-9},"rotation":{"isEuler":true,"_x":0.18926853084417158,"_y":-0.020841339708161256,"_z":-0.09658152090300923,"_order":"XYZ"},"scale":{"x":1.0000162318962478,"y":1.0000161126850233,"z":1.0000165895299213},"name":"spine_02","children":[{"position":{"x":5.754126071455534e-9,"y":1.3035868406295785,"z":-1.4901161027314203e-8},"rotation":{"isEuler":true,"_x":-0.010134173952345183,"_y":0.0032242970670859797,"_z":-1.6079528628519213,"_order":"XYZ"},"scale":{"x":1.0000000000000002,"y":1.3878808254012835,"z":0.9999997019767761},"name":"shoulder_01_left","children":[{"position":{"x":0.025774033511017036,"y":0.44203062921665703,"z":-0.0022358158549180386},"rotation":{"isEuler":true,"_x":-0.05245362940818647,"_y":0.004254966386543384,"_z":-1.0460133815821275,"_order":"XYZ"},"scale":{"x":0.9451644528229891,"y":0.9999996423721313,"z":0.9999999403953553},"name":"shoulder_02_left","children":[{"position":{"x":1.0423393951387385,"y":0.8373742313169856,"z":-0.08199351801299155},"rotation":{"isEuler":true,"_x":0.33667252544562815,"_y":0.09134371468014177,"_z":0.21418108975412048,"_order":"XYZ"},"scale":{"x":0.9999999403953553,"y":1.0000003576278687,"z":0.9999997615814211},"name":"elbow_left","children":[{"position":{"x":0.6757403672443013,"y":1.0207141776670121,"z":0.4811353663084683},"rotation":{"isEuler":true,"_x":0.09976450632845822,"_y":-0.022091019492678773,"_z":-0.11394266811291887,"_order":"XYZ"},"scale":{"x":0.9999999403953552,"y":0.9999998211860655,"z":0.9999999403953548},"name":"wrist_left","children":[{"position":{"x":7.450580596923828e-8,"y":0.6846354603767395,"z":1.1920928955078125e-7},"rotation":{"isEuler":true,"_x":-6.70539281667364e-8,"_y":0.0000031273817167384154,"_z":-8.419156250917633e-7,"_order":"XYZ"},"scale":{"x":1,"y":0.9999998211860658,"z":0.999999642372131},"name":"Bone016_end","children":[{"position":{"x":1.0430812924511201e-7,"y":0.684635102748871,"z":-2.9802322387695312e-8},"rotation":{"isEuler":true,"_x":1.639134103797809e-7,"_y":-0.0000018831341347749817,"_z":6.780029724226528e-7,"_order":"XYZ"},"scale":{"x":1,"y":1.0000000000000002,"z":1.0000000000000002},"name":"Bone016_end_end","children":[]}]}]}]}]}]},{"position":{"x":5.895792305754544e-9,"y":1.3035864830017099,"z":1.490116136038111e-8},"rotation":{"isEuler":true,"_x":-0.009629933573836092,"_y":-0.002684664873986233,"_z":1.601920679982939,"_order":"XYZ"},"scale":{"x":0.8490555324814493,"y":1.4179283452219003,"z":0.9999999403953551},"name":"shoulder_02_right","children":[{"position":{"x":-0.03993013648186147,"y":0.5704541784737541,"z":-0.2964073181261762},"rotation":{"isEuler":true,"_x":-0.016547047680996026,"_y":0.0509602764997566,"_z":1.0206655188444818,"_order":"XYZ"},"scale":{"x":0.9999999403953551,"y":0.999999761581421,"z":0.9999999403953552},"name":"shoulder_01_right","children":[{"position":{"x":-0.7111954441196683,"y":0.8796099122187738,"z":-1.128262725706704},"rotation":{"isEuler":true,"_x":0.30362028220993065,"_y":-0.03350346003052463,"_z":-0.06077164469632949,"_order":"XYZ"},"scale":{"x":0.9999999403953551,"y":0.9999998807907107,"z":0.999999821186066},"name":"elbow_right","children":[{"position":{"x":-1.4214910090802422,"y":1.6080104921204414,"z":1.5505689159511085},"rotation":{"isEuler":true,"_x":0.11802899961779408,"_y":0.06979228787447797,"_z":0.12840402443173174,"_order":"XYZ"},"scale":{"x":1.0000003576278689,"y":0.9999998211860657,"z":1.0000001192092896},"name":"wrist_right","children":[{"position":{"x":-2.533197385190533e-7,"y":0.6151750087738026,"z":-1.7881393388208267e-7},"rotation":{"isEuler":true,"_x":0.0000024102631407412065,"_y":0.0000022687006870867527,"_z":-7.413353954644056e-7,"_order":"XYZ"},"scale":{"x":1.0000001192092896,"y":1.0000002384185789,"z":1.0000001192092896},"name":"Bone020_end","children":[{"position":{"x":2.831220635712839e-7,"y":0.6151758432388301,"z":-2.086162567138672e-7},"rotation":{"isEuler":true,"_x":-0.0000014044340588017274,"_y":-0.0000016987329556948725,"_z":4.935997725627662e-7,"_order":"XYZ"},"scale":{"x":0.9999999403953553,"y":0.9999999999999998,"z":0.9999999403953551},"name":"Bone020_end_end","children":[]}]}]}]}]}]},{"position":{"x":-0.029412092977326255,"y":1.6939031789278827,"z":0.31217974309500135},"rotation":{"isEuler":true,"_x":1.2201818667984226,"_y":0.04655446190739131,"_z":-0.07119655222792542,"_order":"XYZ"},"scale":{"x":2.9911046792590734,"y":0.9755196285114385,"z":0.9621881375331429},"name":"neck","children":[{"position":{"x":-1.1657341758564144e-15,"y":0.5804949998855582,"z":0},"rotation":{"isEuler":true,"_x":-0.24364767968654633,"_y":-3.4855202336599913e-14,"_z":4.6375043164989094e-14,"_order":"XYZ"},"scale":{"x":1,"y":1.0000001192092898,"z":1.0000001192092898},"name":"head","children":[{"position":{"x":-3.2959746043559335e-16,"y":1.0533632040023795,"z":-4.4703483564195734e-8},"rotation":{"isEuler":true,"_x":-9.639190778898931e-8,"_y":1.301446064173237e-18,"_z":4.215644069162302e-16,"_order":"XYZ"},"scale":{"x":1,"y":0.999999761581421,"z":0.9999997615814212},"name":"Bone004_end","children":[{"position":{"x":3.469446951953614e-18,"y":1.0533627271652222,"z":5.587935447692871e-8},"rotation":{"isEuler":true,"_x":-2.3283064382734194e-9,"_y":-1.8211224076089256e-20,"_z":1.3686490710650256e-17,"_order":"XYZ"},"scale":{"x":1,"y":1.0000000000000002,"z":1.0000000000000002},"name":"Bone004_end_end","children":[]}]}]}]}]}]},{"position":{"x":-0.49966961615592526,