{"pose":{"position":{"x":0.506832183645502,"y":-0.23321197586237363,"z":0.586527459512787},"rotation":{"isEuler":true,"_x":0.9790158142976653,"_y":-0.8654502257222707,"_z":1.1234341036116937,"_order":"XYZ"},"scale":{"x":2.260637388572654,"y":1.3696499597929468,"z":1.7525635672174258},"name":"root","children":[{"position":{"x":0.000025329703540618274,"y":0.49590955236492845,"z":0.000002702366604165308},"rotation":{"isEuler":true,"_x":-0.1658897865034882,"_y":-0.07822033695062652,"_z":1.397329999882376,"_order":"XYZ"},"scale":{"x":0.9970583578281899,"y":1.0000000416099915,"z":0.9999996792711576},"name":"crotch_right","children":[{"position":{"x":1.3411045074462848e-7,"y":0.714281916618347,"z":-2.980232238769496e-8},"rotation":{"isEuler":true,"_x":0.9481957935785302,"_y":-0.32849448357808875,"_z":-0.7569086686590045,"_order":"XYZ"},"scale":{"x":0.9999998882319056,"y":0.9973970731171491,"z":1.0000002384185789},"name":"hip_right","children":[{"position":{"x":-0.00044809836621099926,"y":2.2186275870135064,"z":-0.00013307869030174997},"rotation":{"isEuler":true,"_x":2.8695005748257363,"_y":1.3684454719176369,"_z":0.25749609827884556,"_order":"XYZ"},"scale":{"x":0.9999997707884494,"y":0.9940712154324772,"z":0.9999996258366628},"name":"knee_right","children":[{"position":{"x":-0.0000011519981059150187,"y":2.341158173284053,"z":-0.0000012900758578573046},"rotation":{"isEuler":true,"_x":-0.9441873689128097,"_y":0.42215747014374827,"_z":-0.8176111262231976,"_order":"XYZ"},"scale":{"x":1.0000225336608612,"y":0.9999998214091343,"z":0.9999888321511772},"name":"feet_right","children":[{"position":{"x":-3.2037496588976773e-7,"y":0.6828674674034118,"z":1.9371509552001797e-7},"rotation":{"isEuler":true,"_x":4.728786701884349e-7,"_y":-9.546056487413892e-7,"_z":-7.417982066266093e-7,"_order":"XYZ"},"scale":{"x":1.0000001192092893,"y":0.9999998807907103,"z":1.0000001192092896},"name":"Bone012_end","children":[{"position":{"x":-1.1920928910669142e-7,"y":0.6828677654266359,"z":2.9802322165650552e-8},"rotation":{"isEuler":true,"_x":3.573949272995453e-7,"_y":4.06988098346971e-7,"_z":6.910412617469765e-7,"_order":"XYZ"},"scale":{"x":0.9999999999999999,"y":0.9999999403953554,"z":1},"name":"Bone012_end_end","children":[]}]}]}]}]}]},{"position":{"x":-0.6992122587315819,"y":-0.18165455424694765,"z":0.2569574955451342},"rotation":{"isEuler":true,"_x":-2.8541447398669755,"_y":0.07777469034700835,"_z":0.34922831285458095,"_order":"XYZ"},"scale":{"x":1.0000000035737207,"y":0.9964872110136994,"z":0.9999991676227462},"name":"spine_01","children":[{"position":{"x":0.15423429675691006,"y":0.16771296506191735,"z":1.605468481475054},"rotation":{"isEuler":true,"_x":0.7656112825206527,"_y":-0.668169248216944,"_z":-1.4221678929793344,"_order":"XYZ"},"scale":{"x":1,"y":0.9969339116098629,"z":1.0000076918804814},"name":"spine_02","children":[{"position":{"x":5.754123381561869e-9,"y":1.3035868856631596,"z":-1.1454563000191795e-8},"rotation":{"isEuler":true,"_x":-0.010134239911898884,"_y":0.003234902843722404,"_z":-1.6079586364527834,"_order":"XYZ"},"scale":{"x":1.0000000000000002,"y":1.000000147216319,"z":0.9999997019767761},"name":"shoulder_01_left","children":[{"position":{"x":-3.054280778339325e-7,"y":0.9416007377221876,"z":-3.02207738418398e-8},"rotation":{"isEuler":true,"_x":-0.052450796634035304,"_y":0.004250684025293259,"_z":-1.046001314529449,"_order":"XYZ"},"scale":{"x":2.172054568744194,"y":1.1825421143888044,"z":2.1720554363094067},"name":"shoulder_02_left","children":[{"position":{"x":0.000029043785314863783,"y":1.4634158290862354,"z":-0.000021141320820382975},"rotation":{"isEuler":true,"_x":0.3366828848665424,"_y":0.09135135578994899,"_z":0.21416559124787446,"_order":"XYZ"},"scale":{"x":0.9999979580057816,"y":0.9999982475223366,"z":1.0000030210438147},"name":"elbow_left","children":[{"position":{"x":-2.682168230701231e-7,"y":1.484540343281819,"z":-1.3410757332184744e-7},"rotation":{"isEuler":true,"_x":0.09976450632845822,"_y":-0.022091019492678773,"_z":-0.11394266811291887,"_order":"XYZ"},"scale":{"x":0.9999999403953552,"y":0.9999998211860655,"z":0.9999999403953548},"name":"wrist_left","children":[{"position":{"x":7.450580596923824e-8,"y":0.6846354603767395,"z":1.1920928955078031e-7},"rotation":{"isEuler":true,"_x":-6.705392816673514e-8,"_y":0.000003127381716738398,"_z":-8.419156250917581e-7,"_order":"XYZ"},"scale":{"x":1,"y":0.9999998211860658,"z":0.999999642372131},"name":"Bone016_end","children":[{"position":{"x":1.0430812924511147e-7,"y":0.684635102748871,"z":-2.9802322387695157e-8},"rotation":{"isEuler":true,"_x":1.6391341037978003e-7,"_y":-0.0000018831341347749718,"_z":6.780029724226492e-7,"_order":"XYZ"},"scale":{"x":1,"y":1.0000000000000002,"z":1.0000000000000002},"name":"Bone016_end_end","children":[]}]}]}]}]}]},{"position":{"x":5.895797670893083e-9,"y":1.3035864830017063,"z":1.4901161394147863e-8},"rotation":{"isEuler":true,"_x":-0.009629657373456908,"_y":-0.0026858474951033974,"_z":1.6019348563911542,"_order":"XYZ"},"scale":{"x":1.0000001192083823,"y":1.0079496030983546,"z":0.9759863928733703},"name":"shoulder_02_right","children":[{"position":{"x":-9.126985321506973e-8,"y":0.8992530703524855,"z":-3.5624870146646624e-8},"rotation":{"isEuler":true,"_x":-0.0165470476809956,"_y":0.05096027649975723,"_z":1.0206655188444793,"_order":"XYZ"},"scale":{"x":0.9999999403953551,"y":0.9999997610296566,"z":1.5070418552528277},"name":"shoulder_01_right","children":[{"position":{"x":-0.45679756889915796,"y":1.4394958758804723,"z":0.25018290355920625},"rotation":{"isEuler":true,"_x":0.9897989795074523,"_y":0.13622258243468566,"_z":2.18295331474883,"_order":"XYZ"},"scale":{"x":0.9999999403953551,"y":0.9999998800920362,"z":1.0000694124020049},"name":"elbow_right","children":[{"position":{"x":2.2343188256738347e-8,"y":1.40457487106445,"z":7.45151293718186e-8},"rotation":{"isEuler":true,"_x":0.11802899961779408,"_y":0.06979228787447797,"_z":0.12840402443173174,"_order":"XYZ"},"scale":{"x":1.0000003576278689,"y":0.9999998211860657,"z":1.0000001192092896},"name":"wrist_right","children":[{"position":{"x":-2.5331973851905236e-7,"y":0.6151750087738026,"z":-1.7881393388208158e-7},"rotation":{"isEuler":true,"_x":0.0000024102631407411934,"_y":0.0000022687006870867455,"_z":-7.413353954644027e-7,"_order":"XYZ"},"scale":{"x":1.0000001192092896,"y":1.0000002384185789,"z":1.0000001192092896},"name":"Bone020_end","children":[{"position":{"x":2.831220635712824e-7,"y":0.6151758432388301,"z":-2.086162567138661e-7},"rotation":{"isEuler":true,"_x":-0.00000140443405880172,"_y":-0.0000016987329556948636,"_z":4.935997725627637e-7,"_order":"XYZ"},"scale":{"x":0.9999999403953553,"y":0.9999999999999998,"z":0.9999999403953551},"name":"Bone020_end_end","children":[]}]}]}]}]}]},{"position":{"x":-1.9942788055459867e-13,"y":1.3035867214226278,"z":-2.9800439951717028e-8},"rotation":{"isEuler":true,"_x":0.3311438262516055,"_y":3.0372844475288346e-13,"_z":-5.029253819588422e-13,"_order":"XYZ"},"scale":{"x":0.999986120749108,"y":0.9984423062124068,"z":0.9999858823216425},"name":"neck","children":[{"position":{"x":-0.5845910272296831,"y":-0.988151787486931,"z":0.23723406555560803},"rotation":{"isEuler":true,"_x":-0.24364767968654633,"_y":-3.485520233659975e-14,"_z":4.63750431649889e-14,"_order":"XYZ"},"scale":{"x":1,"y":0.9983618914470971,"z":1.0000001192092898},"name":"head","children":[{"position":{"x":-3.295974604355916e-16,"y":1.0533632040023795,"z":-4.470348356419597e-8},"rotation":{"isEuler":true,"_x":-9.63919077889891e-8,"_y":1.3014460641732302e-18,"_z":4.2156440691622674e-16,"_order":"XYZ"},"scale":{"x":1,"y":0.999999761581421,"z":0.9999997615814212},"name":"Bone004_end","children":[{"position":{"x":3.469446951953614e-18,"y":1.0533627271652222,"z":5.587935447692842e-8},"rotation":{"isEuler":true,"_x":-2.328306438273407e-9,"_y":-1.821122407608916e-20,"_z":1.3686490710650183e-17,"_order":"XYZ"},"scale":{"x":1,"y":1.0000000000000002,"z":1.0000000000000002},"name":"Bone004_end_end",