{"pose":{"position":{"x":-0.0003011953237461798,"y":-0.2370554577748023,"z":0.589176247482835},"rotation":{"isEuler":true,"_x":2.521289963183686,"_y":0.0007136674067061421,"_z":0.0006399512865801482,"_order":"XYZ"},"scale":{"x":1.001945639736374,"y":1.0005237405664373,"z":1.0031946847373119},"name":"root","children":[{"position":{"x":-1.9139414259503568e-8,"y":0.49590420722961515,"z":-2.980232804631109e-8},"rotation":{"isEuler":true,"_x":-0.1658898014566709,"_y":-0.07822028955519997,"_z":1.3973299351026094,"_order":"XYZ"},"scale":{"x":0.999999821186066,"y":0.9999999403953553,"z":0.9999995827674868},"name":"crotch_right","children":[{"position":{"x":2.3001328093472835,"y":1.3001308762169135,"z":-2.3504749389918738},"rotation":{"isEuler":true,"_x":0.9515149668896545,"_y":-0.32309306746277167,"_z":-0.73944762366843,"_order":"XYZ"},"scale":{"x":1.0000485161017583,"y":0.9999886595734633,"z":1.0000002384185789},"name":"hip_right","children":[{"position":{"x":2.5556997099611323,"y":1.620438163321603,"z":1.4968086680039305},"rotation":{"isEuler":true,"_x":-0.06593886973863672,"_y":0.0037359632843589896,"_z":-0.004298268866848698,"_order":"XYZ"},"scale":{"x":0.9999998447274575,"y":0.9999994561696501,"z":0.9999996666529719},"name":"knee_right","children":[{"position":{"x":-0.000004303799241166511,"y":2.341102658111929,"z":0.000006174464446661318},"rotation":{"isEuler":true,"_x":-0.9441873689128136,"_y":0.42215747014375105,"_z":-0.817611126223199,"_order":"XYZ"},"scale":{"x":0.9999999999999998,"y":0.9999708581604368,"z":0.9999998807907103},"name":"feet_right","children":[{"position":{"x":-3.203749658897692e-7,"y":0.6828674674034118,"z":1.9371509552001953e-7},"rotation":{"isEuler":true,"_x":4.728786701884367e-7,"_y":-9.546056487413934e-7,"_z":-7.417982066266124e-7,"_order":"XYZ"},"scale":{"x":1.0000001192092893,"y":0.9999998807907103,"z":1.0000001192092896},"name":"Bone012_end","children":[{"position":{"x":-1.1920928910669204e-7,"y":0.6828677654266359,"z":2.9802322165650708e-8},"rotation":{"isEuler":true,"_x":3.5739492729954715e-7,"_y":4.069880983469731e-7,"_z":6.910412617469801e-7,"_order":"XYZ"},"scale":{"x":0.9999999999999999,"y":0.9999999403953554,"z":1},"name":"Bone012_end_end","children":[]}]}]}]}]}]},{"position":{"x":2.9318515147860658,"y":0.2849767148753791,"z":0.2922993596039737},"rotation":{"isEuler":true,"_x":-2.5484988689422474,"_y":1.9770048619694227e-7,"_z":-1.332579929085526e-7,"_order":"XYZ"},"scale":{"x":1,"y":0.999520534704464,"z":1.0022111248718344},"name":"spine_01","children":[{"position":{"x":-4.600321793040916,"y":1.5159071207537684,"z":1.0815082701628673},"rotation":{"isEuler":true,"_x":-0.05114760622382165,"_y":-9.704455638672775e-14,"_z":4.2660592996271e-14,"_order":"XYZ"},"scale":{"x":1,"y":0.999659733581226,"z":1.0000256843260722},"name":"spine_02","children":[{"position":{"x":-0.0014496072769063506,"y":1.3034069041676657,"z":-0.005727370878418014},"rotation":{"isEuler":true,"_x":-0.010134173952345183,"_y":0.0032242970670859797,"_z":-1.6079528628519213,"_order":"XYZ"},"scale":{"x":1.0000000000000002,"y":1.0000001192092893,"z":1.0000362452620506},"name":"shoulder_01_left","children":[{"position":{"x":0.001188781017199353,"y":0.9416622729686441,"z":0.006188254180676811},"rotation":{"isEuler":true,"_x":-0.05245362940818647,"_y":0.004254966386543384,"_z":-1.0460133815821275,"_order":"XYZ"},"scale":{"x":1.000020867753481,"y":0.9999673177586568,"z":1.000000587448927},"name":"shoulder_02_left","children":[{"position":{"x":0.000006872677960064605,"y":1.4633735321947774,"z":-0.0000017421794347238046},"rotation":{"isEuler":true,"_x":0.33667252544562815,"_y":0.09134371468014177,"_z":0.21418108975412048,"_order":"XYZ"},"scale":{"x":0.999977738400043,"y":1.0000003576278687,"z":0.999964288852342},"name":"elbow_left","children":[{"position":{"x":-0.000004288922025489782,"y":1.4844723520778373,"z":0.000002490669380207579},"rotation":{"isEuler":true,"_x":0.09976450632845822,"_y":-0.022091019492678773,"_z":-0.11394266811291887,"_order":"XYZ"},"scale":{"x":0.9999899311991834,"y":0.9999898119910868,"z":0.999989931199183},"name":"wrist_left","children":[{"position":{"x":7.450580596923828e-8,"y":0.6846354603767395,"z":1.1920928955078125e-7},"rotation":{"isEuler":true,"_x":-6.70539281667364e-8,"_y":0.0000031273817167384154,"_z":-8.419156250917633e-7,"_order":"XYZ"},"scale":{"x":1,"y":0.9999998211860658,"z":0.999999642372131},"name":"Bone016_end","children":[{"position":{"x":1.0430812924511201e-7,"y":0.684635102748871,"z":-2.9802322387695312e-8},"rotation":{"isEuler":true,"_x":1.639134103797809e-7,"_y":-0.0000018831341347749817,"_z":6.780029724226528e-7,"_order":"XYZ"},"scale":{"x":1,"y":1.0000000000000002,"z":1.0000000000000002},"name":"Bone016_end_end","children":[]}]}]}]}]}]},{"position":{"x":-0.003645190706796364,"y":1.3019085447131504,"z":0.0010157437662092483},"rotation":{"isEuler":true,"_x":-0.009629933573836092,"_y":-0.002684664873986233,"_z":1.601920679982939,"_order":"XYZ"},"scale":{"x":1.0000001192092896,"y":1.0000001192092893,"z":0.9999999403953551},"name":"shoulder_02_right","children":[{"position":{"x":-0.0006227976730167062,"y":0.8940107126711969,"z":0.0024412269741931336},"rotation":{"isEuler":true,"_x":1.2789060452961252,"_y":0.44911516793412365,"_z":1.7241294142683796,"_order":"XYZ"},"scale":{"x":0.9999999403953551,"y":0.9999689450521725,"z":1.000028025771108},"name":"shoulder_01_right","children":[{"position":{"x":-8.370318622480074e-7,"y":1.5630738252933485,"z":0.0000018904540368039737},"rotation":{"isEuler":true,"_x":0.30362028220993065,"_y":-0.03350346003052463,"_z":-0.06077164469632949,"_order":"XYZ"},"scale":{"x":0.9999703225152686,"y":0.9999651658550602,"z":0.9999652330605439},"name":"elbow_right","children":[{"position":{"x":-0.0000036960473028921532,"y":1.4044841456038493,"z":0.0000015866520931084416},"rotation":{"isEuler":true,"_x":0.11802899961779408,"_y":0.06979228787447797,"_z":0.12840402443173174,"_order":"XYZ"},"scale":{"x":1.0000003576278689,"y":0.9999998211860657,"z":1.0000001192092896},"name":"wrist_right","children":[{"position":{"x":-2.533197385190533e-7,"y":0.6151750087738026,"z":-1.7881393388208267e-7},"rotation":{"isEuler":true,"_x":0.0000024102631407412065,"_y":0.0000022687006870867527,"_z":-7.413353954644056e-7,"_order":"XYZ"},"scale":{"x":1.0000001192092896,"y":1.0000002384185789,"z":1.0000001192092896},"name":"Bone020_end","children":[{"position":{"x":2.831220635712839e-7,"y":0.6151758432388301,"z":-2.086162567138672e-7},"rotation":{"isEuler":true,"_x":-0.0000014044340588017274,"_y":-0.0000016987329556948725,"_z":4.935997725627662e-7,"_order":"XYZ"},"scale":{"x":0.9999999403953553,"y":0.9999999999999998,"z":0.9999999403953551},"name":"Bone020_end_end","children":[]}]}]}]}]}]},{"position":{"x":2.7310448562701954,"y":0.1602731528108589,"z":1.1807307034803844},"rotation":{"isEuler":true,"_x":0.3311438262462616,"_y":2.3895318116434035e-14,"_z":-7.497169074665198e-14,"_order":"XYZ"},"scale":{"x":0.9999999999999999,"y":1.0000000000000002,"z":0.9968147745939429},"name":"neck","children":[{"position":{"x":0.000022180072138047388,"y":0.5804714728600208,"z":-0.000005214932717154943},"rotation":{"isEuler":true,"_x":-0.24364767968654633,"_y":-3.4855202336599913e-14,"_z":4.6375043164989094e-14,"_order":"XYZ"},"scale":{"x":0.9999999382672033,"y":0.9999606703054467,"z":0.9999673820563536},"name":"head","children":[{"position":{"x":-3.2959746043559335e-16,"y":1.0533632040023795,"z":-4.4703483564195734e-8},"rotation":{"isEuler":true,"_x":-9.639190778898931e-8,"_y":1.301446064173237e-18,"_z":4.215644069162302e-16,"_order":"XYZ"},"scale":{"x":1,"y":0.999999761581421,"z":0.9999997615814212},"name":"Bone004_end","children":[{"position":{"x":3.469446951953614e-18,"y":1.0533627271652222,"z":5.587935447692871e-8},"rotation":{"isEuler":true,"_x":-2.3283064382734194e-9,"_y":-1.8211224076089256e-20,"_z":1.3686490710650256e-17,"_order":"XYZ"},"scale":{"x":1,"y":1.0000000000000002,"z":1.0000000000000002},"name":"Bone004_end_end",