{"pose":{"position":{"x":0.030289387629495183,"y":-1.339870124011247,"z":0.5838038785907098},"rotation":{"isEuler":true,"_x":2.5232613086700573,"_y":2.3841869197304895e-7,"_z":-5.941599535271697e-14,"_order":"XYZ"},"scale":{"x":1.5457551887165653,"y":1.5457550044481874,"z":1.5457551887165653},"name":"root","children":[{"position":{"x":-2.5207564854124803e-8,"y":0.49590420722972406,"z":-2.980239595114357e-8},"rotation":{"isEuler":true,"_x":-0.16588980145667084,"_y":-0.07822028955520044,"_z":1.3973299351026098,"_order":"XYZ"},"scale":{"x":0.5114856884272871,"y":0.9999999403953553,"z":0.9999995827674868},"name":"crotch_right","children":[{"position":{"x":1.3411045074462832e-7,"y":0.714281916618347,"z":-2.9802322387694833e-8},"rotation":{"isEuler":true,"_x":0.94819579357853,"_y":-0.3284944835780883,"_z":-0.756908668659005,"_order":"XYZ"},"scale":{"x":0.9999999999999998,"y":0.563560293786953,"z":1.0000002384185789},"name":"hip_right","children":[{"position":{"x":-6.883544663773753e-15,"y":2.2185254096984846,"z":7.149222463103888e-15},"rotation":{"isEuler":true,"_x":-0.0806546917347889,"_y":-0.004562930653756236,"_z":-0.013750969637599253,"_order":"XYZ"},"scale":{"x":0.9999998211860703,"y":0.009385821969300337,"z":0.9999996423721399},"name":"knee_right","children":[{"position":{"x":-2.980242527477882e-8,"y":2.3411660194387953,"z":1.788138400803648e-7},"rotation":{"isEuler":true,"_x":-0.9441873689128083,"_y":0.42215747014374727,"_z":-0.8176111262231971,"_order":"XYZ"},"scale":{"x":0.9999999999999998,"y":0.9999998211860652,"z":0.9999998807907103},"name":"feet_right","children":[{"position":{"x":-3.203749658897672e-7,"y":0.6828674674034118,"z":1.9371509552001741e-7},"rotation":{"isEuler":true,"_x":4.7287867018843426e-7,"_y":-9.546056487413877e-7,"_z":-7.417982066266082e-7,"_order":"XYZ"},"scale":{"x":1.0000001192092893,"y":0.9999998807907103,"z":1.0000001192092896},"name":"Bone012_end","children":[{"position":{"x":-1.1920928910669119e-7,"y":0.6828677654266359,"z":2.9802322165650496e-8},"rotation":{"isEuler":true,"_x":3.573949272995446e-7,"_y":4.069880983469702e-7,"_z":6.910412617469752e-7,"_order":"XYZ"},"scale":{"x":0.9999999999999999,"y":0.9999999403953554,"z":1},"name":"Bone012_end_end","children":[]}]}]}]}]}]},{"position":{"x":-5.764982631654769e-13,"y":0.49590414762556084,"z":-5.960422395897606e-8},"rotation":{"isEuler":true,"_x":-2.5484988689422474,"_y":1.9770048619694227e-7,"_z":-1.332579929085526e-7,"_order":"XYZ"},"scale":{"x":1,"y":0.4131578864947083,"z":0.9999991655349734},"name":"spine_01","children":[{"position":{"x":-1.3997847977741101e-13,"y":1.2681733369821488,"z":-7.450595217725435e-9},"rotation":{"isEuler":true,"_x":-0.05114760622382265,"_y":-9.825818869469689e-14,"_z":3.7243542248504596e-14,"_order":"XYZ"},"scale":{"x":1,"y":0.48724970391525335,"z":1.0000003576278687},"name":"spine_02","children":[{"position":{"x":5.753822859932487e-9,"y":1.3035868406289088,"z":-1.49010891791608e-8},"rotation":{"isEuler":true,"_x":-0.010134173952340694,"_y":0.0032242970670852094,"_z":-1.6079528628519222,"_order":"XYZ"},"scale":{"x":1.0000000000000002,"y":1.0000001192092893,"z":0.9999997019767761},"name":"shoulder_01_left","children":[{"position":{"x":-2.4586888841958365e-7,"y":0.9416007399554178,"z":-3.5390131245937915e-8},"rotation":{"isEuler":true,"_x":-0.052453629408186035,"_y":0.004254966386543753,"_z":-1.0460133815821226,"_order":"XYZ"},"scale":{"x":0.9999995231628417,"y":0.9999996423721313,"z":0.9999999403953553},"name":"shoulder_02_left","children":[{"position":{"x":7.45138617990369e-9,"y":1.463424086570656,"z":-1.8627192517619462e-8},"rotation":{"isEuler":true,"_x":0.33667252544562815,"_y":0.09134371468014177,"_z":0.21418108975412048,"_order":"XYZ"},"scale":{"x":0.9999999403953553,"y":1.0000003576278687,"z":0.9999997615814211},"name":"elbow_left","children":[{"position":{"x":-2.682190274556817e-7,"y":1.4845403432846231,"z":-1.3411207428367383e-7},"rotation":{"isEuler":true,"_x":0.09976450632845822,"_y":-0.022091019492678773,"_z":-0.11394266811291887,"_order":"XYZ"},"scale":{"x":0.9999999403953552,"y":0.9999998211860655,"z":0.9999999403953548},"name":"wrist_left","children":[{"position":{"x":7.450580596923823e-8,"y":0.6846354603767395,"z":1.1920928955077997e-7},"rotation":{"isEuler":true,"_x":-6.705392816673469e-8,"_y":0.0000031273817167383917,"_z":-8.419156250917563e-7,"_order":"XYZ"},"scale":{"x":1,"y":0.9999998211860658,"z":0.999999642372131},"name":"Bone016_end","children":[{"position":{"x":1.0430812924511127e-7,"y":0.684635102748871,"z":-2.98023223876951e-8},"rotation":{"isEuler":true,"_x":1.6391341037977974e-7,"_y":-0.0000018831341347749682,"_z":6.780029724226479e-7,"_order":"XYZ"},"scale":{"x":1,"y":1.0000000000000002,"z":1.0000000000000002},"name":"Bone016_end_end","children":[]}]}]}]}]}]},{"position":{"x":5.896397064853238e-9,"y":1.3035864830013066,"z":1.4901165166530087e-8},"rotation":{"isEuler":true,"_x":-0.009629933573836558,"_y":-0.0026846648739860825,"_z":1.6019206799829373,"_order":"XYZ"},"scale":{"x":1.0000001192092896,"y":1.0000001192092893,"z":0.9999999403953551},"name":"shoulder_02_right","children":[{"position":{"x":-9.126961320049426e-8,"y":0.8992530703544619,"z":-3.5623088479042285e-8},"rotation":{"isEuler":true,"_x":-0.016547047680995443,"_y":0.05096027649975745,"_z":1.0206655188444784,"_order":"XYZ"},"scale":{"x":0.9999999403953551,"y":0.999999761581421,"z":0.9999999403953552},"name":"shoulder_01_right","children":[{"position":{"x":2.6076939708037544e-7,"y":1.5631133317942274,"z":-5.215396694186138e-8},"rotation":{"isEuler":true,"_x":0.30362028220993065,"_y":-0.03350346003052463,"_z":-0.06077164469632949,"_order":"XYZ"},"scale":{"x":0.9999999403953551,"y":0.9999998807907107,"z":0.999999821186066},"name":"elbow_right","children":[{"position":{"x":2.23506137863118e-8,"y":1.4045748710625798,"z":7.450615817273578e-8},"rotation":{"isEuler":true,"_x":0.11802899961779408,"_y":0.06979228787447797,"_z":0.12840402443173174,"_order":"XYZ"},"scale":{"x":1.0000003576278689,"y":0.9999998211860657,"z":1.0000001192092896},"name":"wrist_right","children":[{"position":{"x":-2.5331973851905205e-7,"y":0.6151750087738026,"z":-1.7881393388208118e-7},"rotation":{"isEuler":true,"_x":0.0000024102631407411883,"_y":0.000002268700687086743,"_z":-7.413353954644017e-7,"_order":"XYZ"},"scale":{"x":1.0000001192092896,"y":1.0000002384185789,"z":1.0000001192092896},"name":"Bone020_end","children":[{"position":{"x":2.831220635712819e-7,"y":0.6151758432388301,"z":-2.086162567138657e-7},"rotation":{"isEuler":true,"_x":-0.0000014044340588017175,"_y":-0.0000016987329556948605,"_z":4.935997725627627e-7,"_order":"XYZ"},"scale":{"x":0.9999999403953553,"y":0.9999999999999998,"z":0.9999999403953551},"name":"Bone020_end_end","children":[]}]}]}]}]}]},{"position":{"x":-3.785529545692515e-13,"y":1.3035867214187358,"z":-2.9802008197041728e-8},"rotation":{"isEuler":true,"_x":0.3311438262462616,"_y":2.389531811643387e-14,"_z":-7.497169074665154e-14,"_order":"XYZ"},"scale":{"x":0.9999999999999999,"y":0.7411444459113421,"z":0.999999761581421},"name":"neck","children":[{"position":{"x":-1.1657341758147828e-15,"y":0.5804949998852726,"z":-1.0963146402365078e-12},"rotation":{"isEuler":true,"_x":-0.24364767968654633,"_y":-3.485520233659969e-14,"_z":4.637504316498883e-14,"_order":"XYZ"},"scale":{"x":1,"y":0.728191464361966,"z":1.0000001192092898},"name":"head","children":[{"position":{"x":-3.29597460435591e-16,"y":1.0533632040023795,"z":-4.470348356419605e-8},"rotation":{"isEuler":true,"_x":-9.639190778898902e-8,"_y":1.3014460641732277e-18,"_z":4.215644069162255e-16,"_order":"XYZ"},"scale":{"x":1,"y":0.999999761581421,"z":0.9999997615814212},"name":"Bone004_end","children":[{"position":{"x":3.469446951953614e-18,"y":1.0533627271652222,"z":5.5879354476928314e-8},"rotation":{"isEuler":true,"_x":-2.328306438273403e-9,"_y":-1.8211224076089127e-20,"_z":1.3686490710650157e-17,"_order":"XYZ"},"scale":{"x":1,"y":1.0000000000000002,"z":1.0000000000000002},"name":"Bone004_end_end",