{"pose":{"position":{"x":-3.552713678800501e-15,"y":-0.2265719771385184,"z":0.5865437984466553},"rotation":{"isEuler":true,"_x":2.5232613086700573,"_y":2.3841869197304895e-7,"_z":-5.941599535271671e-14,"_order":"XYZ"},"scale":{"x":1,"y":0.9982615343527272,"z":1},"name":"root","children":[{"position":{"x":-2.520777896836135e-8,"y":0.49590420722961515,"z":-2.980232949312267e-8},"rotation":{"isEuler":true,"_x":-0.1658898014566709,"_y":-0.07822028955519997,"_z":1.3973299351026094,"_order":"XYZ"},"scale":{"x":0.999999821186066,"y":0.9999999403953553,"z":0.9999995827674868},"name":"crotch_right","children":[{"position":{"x":-0.5265856117293869,"y":0.6637507101609686,"z":-0.5245555597050109},"rotation":{"isEuler":true,"_x":0.9481957935785306,"_y":-0.32849448357809014,"_z":-0.7569086686590033,"_order":"XYZ"},"scale":{"x":0.9999999999999998,"y":0.9999999999999998,"z":1.0000002384185789},"name":"hip_right","children":[{"position":{"x":4.440892098500626e-16,"y":2.2185254096984868,"z":0},"rotation":{"isEuler":true,"_x":-0.07572397216956342,"_y":-0.0017771740345088709,"_z":-0.011226500275205688,"_order":"XYZ"},"scale":{"x":1.0006234306216397,"y":0.9998846417746995,"z":0.9999996423721315},"name":"knee_right","children":[{"position":{"x":-2.9802322387695312e-8,"y":2.341166019439697,"z":1.7881393454821648e-7},"rotation":{"isEuler":true,"_x":-0.9441873689128133,"_y":0.42215747014375105,"_z":-0.817611126223199,"_order":"XYZ"},"scale":{"x":0.9999999999999998,"y":0.9999998211860655,"z":0.9999998807907103},"name":"feet_right","children":[{"position":{"x":-3.203749663319224e-7,"y":0.6828674674034115,"z":1.9371509552001953e-7},"rotation":{"isEuler":true,"_x":4.7287867019534547e-7,"_y":-9.54605648635173e-7,"_z":-7.41798206633521e-7,"_order":"XYZ"},"scale":{"x":1.0000001192092893,"y":0.99999988079071,"z":1.0000001192092896},"name":"Bone012_end","children":[{"position":{"x":-1.1920928954884524e-7,"y":0.6828677654266359,"z":2.9802322165650708e-8},"rotation":{"isEuler":true,"_x":3.5739492730645576e-7,"_y":4.0698809837072155e-7,"_z":6.910412617607975e-7,"_order":"XYZ"},"scale":{"x":0.9999999999999999,"y":0.9999999403953554,"z":1.0000000000000002},"name":"Bone012_end_end","children":[]}]}]}]}]}]},{"position":{"x":-1.3759826611448034e-14,"y":0.4959041476249699,"z":-5.9604644331301415e-8},"rotation":{"isEuler":true,"_x":-2.5484988689422474,"_y":1.9770048619694227e-7,"_z":-1.332579929085526e-7,"_order":"XYZ"},"scale":{"x":1,"y":0.9999999403953556,"z":0.9999991655349734},"name":"spine_01","children":[{"position":{"x":0.13404503213838825,"y":1.267245678067709,"z":0.03674952819485343},"rotation":{"isEuler":true,"_x":-0.0795395425494944,"_y":-0.006411503441079169,"_z":0.12935224514060154,"_order":"XYZ"},"scale":{"x":1,"y":0.9999998807907106,"z":1.0000003576278687},"name":"spine_02","children":[{"position":{"x":-0.8599448404833159,"y":1.4159425834168058,"z":0.005584819077174944},"rotation":{"isEuler":true,"_x":-0.010134173952345183,"_y":0.0032242970670859797,"_z":-1.6079528628519215,"_order":"XYZ"},"scale":{"x":1.0000000000000002,"y":1.0000001192092893,"z":0.9999997019767761},"name":"shoulder_01_left","children":[{"position":{"x":-2.4586915969848633e-7,"y":0.9416007399559021,"z":-3.539025772436588e-8},"rotation":{"isEuler":true,"_x":-0.05245362940818648,"_y":0.00425496638654337,"_z":-1.0460133815821273,"_order":"XYZ"},"scale":{"x":0.9999995231628418,"y":0.9999996423721313,"z":0.9999999403953553},"name":"shoulder_02_left","children":[{"position":{"x":7.4505797087454084e-9,"y":1.4634240865707397,"z":-1.8626451602363866e-8},"rotation":{"isEuler":true,"_x":0.33667252544562815,"_y":0.09134371468014175,"_z":0.21418108975412042,"_order":"XYZ"},"scale":{"x":0.9999999403953551,"y":1.0000003576278687,"z":0.9999997615814209},"name":"elbow_left","children":[{"position":{"x":-2.682209014892578e-7,"y":1.484540343284608,"z":-1.341104509666735e-7},"rotation":{"isEuler":true,"_x":0.0997645063284582,"_y":-0.022091019492678693,"_z":-0.11394266811291874,"_order":"XYZ"},"scale":{"x":0.9999999403953554,"y":0.999999821186066,"z":0.9999999403953554},"name":"wrist_left","children":[{"position":{"x":7.450580596923828e-8,"y":0.6846354603767395,"z":1.1920928999293443e-7},"rotation":{"isEuler":true,"_x":-6.705392822200547e-8,"_y":0.0000031273817167695037,"_z":-8.419156251280334e-7,"_order":"XYZ"},"scale":{"x":1,"y":0.9999998211860659,"z":0.9999996423721315},"name":"Bone016_end","children":[{"position":{"x":1.0430813012941841e-7,"y":0.6846351027488716,"z":-2.980232282984851e-8},"rotation":{"isEuler":true,"_x":1.6391341043504996e-7,"_y":-0.000001883134134674806,"_z":6.780029724001997e-7,"_order":"XYZ"},"scale":{"x":1.0000000000000002,"y":1.0000000000000002,"z":1.0000000000000004},"name":"Bone016_end_end","children":[]}]}]}]}]}]},{"position":{"x":0.46696768103184744,"y":1.2425750120601777,"z":-0.0030326644041394697},"rotation":{"isEuler":true,"_x":-0.009629933573836092,"_y":-0.002684664873986233,"_z":1.6019206799829393,"_order":"XYZ"},"scale":{"x":1.0000001192092896,"y":1.0000001192092893,"z":0.9999999403953551},"name":"shoulder_02_right","children":[{"position":{"x":-9.126961320049531e-8,"y":0.8992530703544619,"z":-3.562308847904205e-8},"rotation":{"isEuler":true,"_x":-0.016547047680996026,"_y":0.0509602764997566,"_z":1.0206655188444818,"_order":"XYZ"},"scale":{"x":0.9999999403953551,"y":0.999999761581421,"z":0.9999999403953552},"name":"shoulder_01_right","children":[{"position":{"x":0.0025584804787781258,"y":1.621604913526492,"z":0.0002518762459464081},"rotation":{"isEuler":true,"_x":0.1593927678444017,"_y":-0.051840779739897855,"_z":-0.10846314935665832,"_order":"XYZ"},"scale":{"x":1.1204246604866257,"y":0.9999998807907107,"z":0.999999821186066},"name":"elbow_right","children":[{"position":{"x":2.2351742678949904e-8,"y":1.4045748710632329,"z":7.450580596923828e-8},"rotation":{"isEuler":true,"_x":0.11802899961779408,"_y":0.06979228787447797,"_z":0.12840402443173174,"_order":"XYZ"},"scale":{"x":1.0000003576278689,"y":0.9999998211860657,"z":1.0000001192092896},"name":"wrist_right","children":[{"position":{"x":-2.533197385190533e-7,"y":0.6151750087738026,"z":-1.7881393388208267e-7},"rotation":{"isEuler":true,"_x":0.0000024102631407412065,"_y":0.0000022687006870867527,"_z":-7.413353954644056e-7,"_order":"XYZ"},"scale":{"x":1.0000001192092896,"y":1.0000002384185789,"z":1.0000001192092896},"name":"Bone020_end","children":[{"position":{"x":2.831220635712839e-7,"y":0.6151758432388301,"z":-2.086162567138672e-7},"rotation":{"isEuler":true,"_x":-0.0000014044340588017272,"_y":-0.0000016987329556948725,"_z":4.935997725627661e-7,"_order":"XYZ"},"scale":{"x":0.9999999403953553,"y":0.9999999999999998,"z":0.9999999403953551},"name":"Bone020_end_end","children":[]}]}]}]}]}]},{"position":{"x":-5.134781488891349e-16,"y":1.303586721420289,"z":-2.980232222116186e-8},"rotation":{"isEuler":true,"_x":0.3311438262462616,"_y":2.3895318116434035e-14,"_z":-7.497169074665198e-14,"_order":"XYZ"},"scale":{"x":0.9999999999999999,"y":1.0000000000000002,"z":0.999999761581421},"name":"neck","children":[{"position":{"x":-1.1657341758564144e-15,"y":0.5804949998855582,"z":0},"rotation":{"isEuler":true,"_x":-0.24364767968654635,"_y":-3.4855202336599913e-14,"_z":4.6375043164989094e-14,"_order":"XYZ"},"scale":{"x":0.9838961412448839,"y":0.9883198621839107,"z":1.0042151400746748},"name":"head","children":[{"position":{"x":-3.2959746043559335e-16,"y":1.0533632040023795,"z":-4.4703483564195734e-8},"rotation":{"isEuler":true,"_x":-9.639190778898931e-8,"_y":1.301446064173237e-18,"_z":4.215644069162302e-16,"_order":"XYZ"},"scale":{"x":1,"y":0.999999761581421,"z":0.9999997615814212},"name":"Bone004_end","children":[{"position":{"x":3.469446951953614e-18,"y":1.0533627271652222,"z":5.587935447692871e-8},"rotation":{"isEuler":true,"_x":-2.3283064382734194e-9,"_y":-1.8211224076089256e-20,"_z":1.3686490710650256e-17,"_order":"XYZ"},"scale":{"x":1,"y":1.0000000000000002,"z":1.0000000000000002},"name":"Bone004_end_end",