{"pose":{"position":{"x":-0.0000023975147805440494,"y":-0.2266554256443832,"z":0.5865647527409833},"rotation":{"isEuler":true,"_x":2.523245616759986,"_y":0.0000059173134365659045,"_z":0.000005094012182234905,"_order":"XYZ"},"scale":{"x":1.0000154872923015,"y":1.0000040507145251,"z":1.000025429690509},"name":"root","children":[{"position":{"x":-2.515947478527884e-8,"y":0.49590420722961515,"z":-2.980232948160605e-8},"rotation":{"isEuler":true,"_x":-0.1658898014566709,"_y":-0.07822028955519997,"_z":1.3973299351026094,"_order":"XYZ"},"scale":{"x":0.999999821186066,"y":0.9999999403953553,"z":0.9999995827674868},"name":"crotch_right","children":[{"position":{"x":0.018309190205335835,"y":0.7189452743367516,"z":-0.018709810079471367},"rotation":{"isEuler":true,"_x":0.9482222141980873,"_y":-0.3284514883058122,"_z":-0.7567696787408783,"_order":"XYZ"},"scale":{"x":1.0000003861881697,"y":0.9999999097302046,"z":1.0000002384185789},"name":"hip_right","children":[{"position":{"x":0.020343369691290913,"y":2.213764635217327,"z":0.011914596997311344},"rotation":{"isEuler":true,"_x":-0.07564608275421325,"_y":-0.0017332894614506822,"_z":-0.011171351553195166,"_order":"XYZ"},"scale":{"x":0.999999821373455,"y":0.9999994634993844,"z":0.999999642565407},"name":"knee_right","children":[{"position":{"x":-6.382333786117457e-8,"y":2.341165515083528,"z":2.2653931262463657e-7},"rotation":{"isEuler":true,"_x":-0.9441873689128136,"_y":0.42215747014375105,"_z":-0.817611126223199,"_order":"XYZ"},"scale":{"x":0.9999999999999998,"y":0.9999995906403812,"z":0.9999998807907103},"name":"feet_right","children":[{"position":{"x":-3.203749658897692e-7,"y":0.6828674674034118,"z":1.9371509552001953e-7},"rotation":{"isEuler":true,"_x":4.728786701884367e-7,"_y":-9.546056487413934e-7,"_z":-7.417982066266124e-7,"_order":"XYZ"},"scale":{"x":1.0000001192092893,"y":0.9999998807907103,"z":1.0000001192092896},"name":"Bone012_end","children":[{"position":{"x":-1.1920928910669204e-7,"y":0.6828677654266359,"z":2.9802322165650708e-8},"rotation":{"isEuler":true,"_x":3.5739492729954715e-7,"_y":4.069880983469731e-7,"_z":6.910412617469801e-7,"_order":"XYZ"},"scale":{"x":0.9999999999999999,"y":0.9999999403953554,"z":1},"name":"Bone012_end_end","children":[]}]}]}]}]}]},{"position":{"x":-0.006121167113824908,"y":0.8221077202596193,"z":-0.027721787280145238},"rotation":{"isEuler":true,"_x":-2.5484988689422474,"_y":1.9770048619694227e-7,"_z":-1.332579929085526e-7,"_order":"XYZ"},"scale":{"x":1,"y":0.9999961243260561,"z":1.0000167727312947},"name":"spine_01","children":[{"position":{"x":-0.03661719659269049,"y":-0.31871714355870684,"z":-0.03152226736445087},"rotation":{"isEuler":true,"_x":-0.05114760622382165,"_y":-9.704455638672775e-14,"_z":4.2660592996271e-14,"_order":"XYZ"},"scale":{"x":1,"y":0.999997173218923,"z":1.0000005592283863},"name":"spine_02","children":[{"position":{"x":-0.000011400722548336974,"y":1.1498091412130254,"z":-0.011816731657887037},"rotation":{"isEuler":true,"_x":-0.010134173952345183,"_y":0.0032242970670859797,"_z":-1.6079528628519213,"_order":"XYZ"},"scale":{"x":1.0000000000000002,"y":1.0000001192092893,"z":0.9999999928613269},"name":"shoulder_01_left","children":[{"position":{"x":0.000009218784855719551,"y":0.9416012297586835,"z":0.0000492233947269145},"rotation":{"isEuler":true,"_x":-0.05245362940818647,"_y":0.004254966386543384,"_z":-1.0460133815821275,"_order":"XYZ"},"scale":{"x":0.9999996930657832,"y":0.9999993850682081,"z":0.9999999455459018},"name":"shoulder_02_left","children":[{"position":{"x":6.209778965637783e-8,"y":1.4634236841579062,"z":-3.23459331286937e-8},"rotation":{"isEuler":true,"_x":0.33667252544562815,"_y":0.09134371468014177,"_z":0.21418108975412048,"_order":"XYZ"},"scale":{"x":0.9999997636674727,"y":1.0000003576278687,"z":0.9999994792184976},"name":"elbow_left","children":[{"position":{"x":-3.002256824363023e-7,"y":1.4845398020746008,"z":-1.1321720351052653e-7},"rotation":{"isEuler":true,"_x":0.09976450632845822,"_y":-0.022091019492678773,"_z":-0.11394266811291887,"_order":"XYZ"},"scale":{"x":0.9999998607221537,"y":0.9999997415128734,"z":0.9999998607221533},"name":"wrist_left","children":[{"position":{"x":7.450580596923828e-8,"y":0.6846354603767395,"z":1.1920928955078125e-7},"rotation":{"isEuler":true,"_x":-6.70539281667364e-8,"_y":0.0000031273817167384154,"_z":-8.419156250917633e-7,"_order":"XYZ"},"scale":{"x":1,"y":0.9999998211860658,"z":0.999999642372131},"name":"Bone016_end","children":[{"position":{"x":1.0430812924511201e-7,"y":0.684635102748871,"z":-2.9802322387695312e-8},"rotation":{"isEuler":true,"_x":1.639134103797809e-7,"_y":-0.0000018831341347749817,"_z":6.780029724226528e-7,"_order":"XYZ"},"scale":{"x":1,"y":1.0000000000000002,"z":1.0000000000000002},"name":"Bone016_end_end","children":[]}]}]}]}]}]},{"position":{"x":-0.000028943476133220213,"y":1.2264858632101736,"z":-0.005892706210163821},"rotation":{"isEuler":true,"_x":-0.009629933573836092,"_y":-0.002684664873986233,"_z":1.601920679982939,"_order":"XYZ"},"scale":{"x":1.0000001192092896,"y":1.0000001192092893,"z":0.9999999403953551},"name":"shoulder_02_right","children":[{"position":{"x":-0.0000050480125842924505,"y":0.8992113411873031,"z":0.000019396827185882808},"rotation":{"isEuler":true,"_x":-0.006235241060898122,"_y":0.054129589435574166,"_z":1.0262650914520561,"_order":"XYZ"},"scale":{"x":0.9999999403953551,"y":0.9999995162818482,"z":1.0000001639549463},"name":"shoulder_01_right","children":[{"position":{"x":2.5203181463342826e-7,"y":1.563113017322986,"z":-3.6690903804785207e-8},"rotation":{"isEuler":true,"_x":0.30362028220993065,"_y":-0.03350346003052463,"_z":-0.06077164469632949,"_order":"XYZ"},"scale":{"x":0.9999997046370296,"y":0.9999996044598229,"z":0.9999995458645868},"name":"elbow_right","children":[{"position":{"x":-7.246713723796062e-9,"y":1.4045741488885761,"z":8.654249041486627e-8},"rotation":{"isEuler":true,"_x":0.11802899961779408,"_y":0.06979228787447797,"_z":0.12840402443173174,"_order":"XYZ"},"scale":{"x":1.0000003576278689,"y":0.9999998211860657,"z":1.0000001192092896},"name":"wrist_right","children":[{"position":{"x":-2.533197385190533e-7,"y":0.6151750087738026,"z":-1.7881393388208267e-7},"rotation":{"isEuler":true,"_x":0.0000024102631407412065,"_y":0.0000022687006870867527,"_z":-7.413353954644056e-7,"_order":"XYZ"},"scale":{"x":1.0000001192092896,"y":1.0000002384185789,"z":1.0000001192092896},"name":"Bone020_end","children":[{"position":{"x":2.831220635712839e-7,"y":0.6151758432388301,"z":-2.086162567138672e-7},"rotation":{"isEuler":true,"_x":-0.0000014044340588017274,"_y":-0.0000016987329556948725,"_z":4.935997725627662e-7,"_order":"XYZ"},"scale":{"x":0.9999999403953553,"y":0.9999999999999998,"z":0.9999999403953551},"name":"Bone020_end_end","children":[]}]}]}]}]}]},{"position":{"x":0.021739117055910473,"y":1.294485945414158,"z":0.009398586834608258},"rotation":{"isEuler":true,"_x":0.3311438262462616,"_y":2.3895318116434035e-14,"_z":-7.497169074665198e-14,"_order":"XYZ"},"scale":{"x":0.9999999999999999,"y":1.0000000000000002,"z":0.9999744090850007},"name":"neck","children":[{"position":{"x":7.317086970605706e-7,"y":-0.3500413343081017,"z":0.20648592962549916},"rotation":{"isEuler":true,"_x":-0.24364767968654633,"_y":-3.4855202336599913e-14,"_z":4.6375043164989094e-14,"_order":"XYZ"},"scale":{"x":0.999999999508607,"y":0.9999998051960152,"z":0.9999998586215524},"name":"head","children":[{"position":{"x":-3.2959746043559335e-16,"y":1.0533632040023795,"z":-4.4703483564195734e-8},"rotation":{"isEuler":true,"_x":-9.639190778898931e-8,"_y":1.301446064173237e-18,"_z":4.215644069162302e-16,"_order":"XYZ"},"scale":{"x":1,"y":0.999999761581421,"z":0.9999997615814212},"name":"Bone004_end","children":[{"position":{"x":3.469446951953614e-18,"y":1.0533627271652222,"z":5.587935447692871e-8},"rotation":{"isEuler":true,"_x":-2.3283064382734194e-9,"_y":-1.8211224076089256e-20,"_z":1.3686490710650256e-17,"_order":"XYZ"},"scale":{"x":1,"y":1.0000000000000002,"z":1.0000000000000002},