{"pose":{"position":{"x":-3.552713678800501e-15,"y":-0.2265719771385184,"z":0.5865437984466553},"rotation":{"isEuler":true,"_x":2.523627574556741,"_y":-0.00048185812988886523,"_z":0.0004759314997523495,"_order":"XYZ"},"scale":{"x":1,"y":0.9999998807907104,"z":1},"name":"root","children":[{"position":{"x":-5.4080430529433275e-8,"y":0.4959042196341696,"z":-2.097782862841536e-8},"rotation":{"isEuler":true,"_x":-0.20694597168332718,"_y":0.29110342956223195,"_z":1.7754193304687056,"_order":"XYZ"},"scale":{"x":0.999999821186066,"y":0.9999999403953553,"z":0.9999995827674868},"name":"crotch_right","children":[{"position":{"x":1.634984312762269e-7,"y":0.7142819029037024,"z":-4.007650393919378e-8},"rotation":{"isEuler":true,"_x":1.284175853413018,"_y":0.2720893315334863,"_z":-1.9902559271888893,"_order":"XYZ"},"scale":{"x":1.0000000225105719,"y":1.0000000090928596,"z":1.0000002957638172},"name":"hip_right","children":[{"position":{"x":3.0491120008575934e-9,"y":2.218525409328739,"z":-3.8675638305694275e-9},"rotation":{"isEuler":true,"_x":-0.5909755041528264,"_y":0.8676732722137918,"_z":3.133683134235244,"_order":"XYZ"},"scale":{"x":1.3498285208594323,"y":1.1279803513308917,"z":1.3716219892320074},"name":"knee_right","children":[{"position":{"x":-2.9802322387695312e-8,"y":2.341166019439697,"z":1.7881393454821648e-7},"rotation":{"isEuler":true,"_x":2.553530041404248,"_y":1.375054250059174,"_z":2.8839731317941166,"_order":"XYZ"},"scale":{"x":0.9999999999999998,"y":0.9999998211860652,"z":0.9999998807907103},"name":"feet_right","children":[{"position":{"x":-3.203749658897692e-7,"y":0.6828674674034118,"z":1.9371509552001953e-7},"rotation":{"isEuler":true,"_x":4.728786701884367e-7,"_y":-9.546056487413934e-7,"_z":-7.417982066266124e-7,"_order":"XYZ"},"scale":{"x":1.0000001192092893,"y":0.9999998807907103,"z":1.0000001192092896},"name":"Bone012_end","children":[{"position":{"x":-1.1920928910669204e-7,"y":0.6828677654266359,"z":2.9802322165650708e-8},"rotation":{"isEuler":true,"_x":3.5739492729954715e-7,"_y":4.069880983469731e-7,"_z":6.910412617469801e-7,"_order":"XYZ"},"scale":{"x":0.9999999999999999,"y":0.9999999403953554,"z":1},"name":"Bone012_end_end","children":[]}]}]}]}]}]},{"position":{"x":0.000006423179715603604,"y":0.4640965715696523,"z":0.0447463107377988},"rotation":{"isEuler":true,"_x":-2.7305310803256106,"_y":-0.04926963297864934,"_z":0.0744784094270688,"_order":"XYZ"},"scale":{"x":1,"y":0.9999999403953556,"z":1.2632626223017256},"name":"spine_01","children":[{"position":{"x":-2.6521766922999944e-15,"y":1.2670547291417642,"z":-0.000028244216922679657},"rotation":{"isEuler":true,"_x":0.6618217194426519,"_y":0.010306356114460525,"_z":-0.25414257391327727,"_order":"XYZ"},"scale":{"x":1,"y":0.9999998807907106,"z":1.0000003576278687},"name":"spine_02","children":[{"position":{"x":5.754126071455534e-9,"y":1.3035868406295785,"z":-1.4901161027314203e-8},"rotation":{"isEuler":true,"_x":-0.22673774341374903,"_y":-0.07859648055280913,"_z":-1.7819246643775783,"_order":"XYZ"},"scale":{"x":1.0000000000000002,"y":1.0000001192092893,"z":0.9999997019767761},"name":"shoulder_01_left","children":[{"position":{"x":-0.000009357999604576398,"y":0.9416042626393004,"z":7.555076539023293e-7},"rotation":{"isEuler":true,"_x":0.16209949126042503,"_y":-0.32069063376183354,"_z":-1.1253229816729577,"_order":"XYZ"},"scale":{"x":0.9999237734189047,"y":0.9999996423721313,"z":1.0000048375090427},"name":"shoulder_02_left","children":[{"position":{"x":0.0007101569561889787,"y":1.4643121551187106,"z":-0.0005269616368582253},"rotation":{"isEuler":true,"_x":1.4870821598645894,"_y":0.5931160628262677,"_z":-1.0040901346415378,"_order":"XYZ"},"scale":{"x":0.9999999403953553,"y":1.0000003576278687,"z":0.9999997615814211},"name":"elbow_left","children":[{"position":{"x":-2.682209014892578e-7,"y":1.4845403432846067,"z":-1.341104509666735e-7},"rotation":{"isEuler":true,"_x":0.09976450632845822,"_y":-0.022091019492678773,"_z":-0.11394266811291887,"_order":"XYZ"},"scale":{"x":0.9999999403953552,"y":0.9999998211860655,"z":0.9999999403953548},"name":"wrist_left","children":[{"position":{"x":7.450580596923828e-8,"y":0.6846354603767395,"z":1.1920928955078125e-7},"rotation":{"isEuler":true,"_x":-6.70539281667364e-8,"_y":0.0000031273817167384154,"_z":-8.419156250917633e-7,"_order":"XYZ"},"scale":{"x":1,"y":0.9999998211860658,"z":0.999999642372131},"name":"Bone016_end","children":[{"position":{"x":1.0430812924511201e-7,"y":0.684635102748871,"z":-2.9802322387695312e-8},"rotation":{"isEuler":true,"_x":1.639134103797809e-7,"_y":-0.0000018831341347749817,"_z":6.780029724226528e-7,"_order":"XYZ"},"scale":{"x":1,"y":1.0000000000000002,"z":1.0000000000000002},"name":"Bone016_end_end","children":[]}]}]}]}]}]},{"position":{"x":5.895792305754544e-9,"y":1.3035864830017099,"z":1.490116136038111e-8},"rotation":{"isEuler":true,"_x":-0.03191555136247612,"_y":-0.0028944658210835993,"_z":1.6027606756265156,"_order":"XYZ"},"scale":{"x":1.0000001192092896,"y":1.0000001192092893,"z":0.9999999403953551},"name":"shoulder_02_right","children":[{"position":{"x":-9.126961320049531e-8,"y":0.8992530703544619,"z":-3.562308847904205e-8},"rotation":{"isEuler":true,"_x":0.017298524925908776,"_y":0.6249403206328475,"_z":1.011815626635671,"_order":"XYZ"},"scale":{"x":0.9999999403953551,"y":0.999999761581421,"z":0.9999999403953552},"name":"shoulder_01_right","children":[{"position":{"x":-1.5293249514122116,"y":3.1072656324524224,"z":1.0810086087627315},"rotation":{"isEuler":true,"_x":1.654591045184428,"_y":-0.3944764091468859,"_z":0.7334815311895093,"_order":"XYZ"},"scale":{"x":1.0000085941701242,"y":1.0000085011315993,"z":1.000008474249286},"name":"elbow_right","children":[{"position":{"x":3.0700322730153075e-8,"y":1.4045749129284941,"z":3.861334963689336e-8},"rotation":{"isEuler":true,"_x":0.11803290245132825,"_y":0.0698005803763361,"_z":0.12838529853817915,"_order":"XYZ"},"scale":{"x":1.0000003576278689,"y":0.9999998795716444,"z":1.0000001192092896},"name":"wrist_right","children":[{"position":{"x":-2.533197385190533e-7,"y":0.6151750087738026,"z":-1.7881393388208267e-7},"rotation":{"isEuler":true,"_x":0.0000024102631407412065,"_y":0.0000022687006870867527,"_z":-7.413353954644056e-7,"_order":"XYZ"},"scale":{"x":1.0000001192092896,"y":1.0000002384185789,"z":1.0000001192092896},"name":"Bone020_end","children":[{"position":{"x":2.831220635712839e-7,"y":0.6151758432388301,"z":-2.086162567138672e-7},"rotation":{"isEuler":true,"_x":-0.0000014044340588017274,"_y":-0.0000016987329556948725,"_z":4.935997725627662e-7,"_order":"XYZ"},"scale":{"x":0.9999999403953553,"y":0.9999999999999998,"z":0.9999999403953551},"name":"Bone020_end_end","children":[]}]}]}]}]}]},{"position":{"x":-0.002221366391937485,"y":1.3039759410790253,"z":-0.0007420409907260561},"rotation":{"isEuler":true,"_x":0.3311480177271023,"_y":0.000020542569666970843,"_z":-0.000025154116827844596,"_order":"XYZ"},"scale":{"x":0.9999999767906195,"y":0.9999999952839962,"z":0.9999997470855526},"name":"neck","children":[{"position":{"x":-1.1657341758564144e-15,"y":0.5804949998855582,"z":0},"rotation":{"isEuler":true,"_x":0.10113014572036225,"_y":0.04341293171914392,"_z":0.06698797757618316,"_order":"XYZ"},"scale":{"x":0.6088336162978226,"y":0.9979956887895771,"z":0.9989967266732326},"name":"head","children":[{"position":{"x":-3.2959746043559335e-16,"y":1.0533632040023795,"z":-4.4703483564195734e-8},"rotation":{"isEuler":true,"_x":-9.639190778898931e-8,"_y":1.301446064173237e-18,"_z":4.215644069162302e-16,"_order":"XYZ"},"scale":{"x":1,"y":0.999999761581421,"z":0.9999997615814212},"name":"Bone004_end","children":[{"position":{"x":3.469446951953614e-18,"y":1.0533627271652222,"z":5.587935447692871e-8},"rotation":{"isEuler":true,"_x":-2.3283064382734194e-9,"_y":-1.8211224076089256e-20,"_z":1.3686490710650256e-17,"_order":"XYZ"},"scale":{"x":1,"y":1.0000000000000002,"z":1.0000000000000002},"name":"Bone004_end_end","children":[]}]}]}]}]}]},{"position":{"x":-1.6023281279655972e-8,"y":0.49590419176365835,