{"pose":{"position":{"x":-2.837194663569161e-11,"y":-0.22657197812190902,"z":0.586543798693653},"rotation":{"isEuler":true,"_x":2.408075054693936,"_y":-0.018484531845474276,"_z":-0.04441554711551834,"_order":"XYZ"},"scale":{"x":1.0000000001828588,"y":0.9999998808399464,"z":1.0000000003002476},"name":"root","children":[{"position":{"x":-2.5207778398032057e-8,"y":0.49590420722961515,"z":-2.980232949312263e-8},"rotation":{"isEuler":true,"_x":-0.31945981331800694,"_y":-0.1670026344859654,"_z":1.5933099537872557,"_order":"XYZ"},"scale":{"x":0.999999821186066,"y":0.9999999403953553,"z":0.9999995827674868},"name":"crotch_right","children":[{"position":{"x":-3.826322450388995e-7,"y":0.7142861543530288,"z":8.212457560547728e-8},"rotation":{"isEuler":true,"_x":0.9481944931662225,"_y":-0.32848854984282716,"_z":-0.7569198617639086,"_order":"XYZ"},"scale":{"x":1.0000000000051024,"y":0.9999999999994754,"z":1.0000002384191382},"name":"hip_right","children":[{"position":{"x":2.4019494227226976e-7,"y":2.218525353487836,"z":1.4067681067079645e-7},"rotation":{"isEuler":true,"_x":0.29256236598173335,"_y":-0.23545672183322167,"_z":-0.031569211430949935,"_order":"XYZ"},"scale":{"x":0.9999998211837087,"y":0.9999994635558375,"z":0.9999996423697746},"name":"knee_right","children":[{"position":{"x":-2.980272407502165e-8,"y":2.341166019433742,"z":1.7881449804343422e-7},"rotation":{"isEuler":true,"_x":-0.9441873687639835,"_y":0.42215746983133473,"_z":-0.8176111268855248,"_order":"XYZ"},"scale":{"x":1.0000000031255636,"y":0.9999998208739391,"z":0.9999998810424456},"name":"feet_right","children":[{"position":{"x":-3.203749658897692e-7,"y":0.6828674674034118,"z":1.9371509552001953e-7},"rotation":{"isEuler":true,"_x":4.728786701884367e-7,"_y":-9.546056487413934e-7,"_z":-7.417982066266124e-7,"_order":"XYZ"},"scale":{"x":1.0000001192092893,"y":0.9999998807907103,"z":1.0000001192092896},"name":"Bone012_end","children":[{"position":{"x":-1.1920928910669204e-7,"y":0.6828677654266359,"z":2.9802322165650708e-8},"rotation":{"isEuler":true,"_x":3.5739492729954715e-7,"_y":4.069880983469731e-7,"_z":6.910412617469801e-7,"_order":"XYZ"},"scale":{"x":0.9999999999999999,"y":0.9999999403953554,"z":1},"name":"Bone012_end_end","children":[]}]}]}]}]}]},{"position":{"x":9.58449329635392e-8,"y":-0.09950205172141063,"z":0.20875319873444365},"rotation":{"isEuler":true,"_x":-2.5484984141053086,"_y":3.171853944517543e-7,"_z":-7.987747132517356e-7,"_order":"XYZ"},"scale":{"x":0.9999904784223511,"y":0.9999999403523466,"z":1.0000055621110064},"name":"spine_01","children":[{"position":{"x":-4.5817679226645407e-7,"y":1.2623521873430066,"z":0.23056156448936205},"rotation":{"isEuler":true,"_x":0.21140415713786442,"_y":-0.08248380408065276,"_z":-0.049053449578182876,"_order":"XYZ"},"scale":{"x":1.0000176647099441,"y":0.9999998807587421,"z":0.99999523349027},"name":"spine_02","children":[{"position":{"x":-2.092231189982001e-8,"y":1.307931190983062,"z":-0.05687915742345084},"rotation":{"isEuler":true,"_x":-0.010134173952092847,"_y":0.0032242970669873108,"_z":-1.607952862851474,"_order":"XYZ"},"scale":{"x":1.0000000000000002,"y":1.0000001192092893,"z":1.5000878221964165},"name":"shoulder_01_left","children":[{"position":{"x":-0.000004113805465294539,"y":0.9415979791172524,"z":3.009225947852033e-7},"rotation":{"isEuler":true,"_x":-0.03930827623157519,"_y":-0.531643891852044,"_z":-1.072977124345895,"_order":"XYZ"},"scale":{"x":0.9999995231648477,"y":0.9999996423690933,"z":0.9999999403954162},"name":"shoulder_02_left","children":[{"position":{"x":0.1705329824457762,"y":1.3085654155019173,"z":-0.0886284635260433},"rotation":{"isEuler":true,"_x":-0.15098038522767082,"_y":0.15878285692581406,"_z":3.0343402452244774,"_order":"XYZ"},"scale":{"x":1.4407326446991022,"y":1.0000003576278687,"z":0.9999997615780872},"name":"elbow_left","children":[{"position":{"x":-2.6822127937083217e-7,"y":1.4845403432782167,"z":-1.341102042793659e-7},"rotation":{"isEuler":true,"_x":0.09976450632480575,"_y":-0.0220910194931335,"_z":-0.11394266811244322,"_order":"XYZ"},"scale":{"x":0.9999999403944145,"y":0.9999998211851248,"z":0.9999999403944141},"name":"wrist_left","children":[{"position":{"x":7.450580596923828e-8,"y":0.6846354603767395,"z":1.1920928955078125e-7},"rotation":{"isEuler":true,"_x":-6.70539281667364e-8,"_y":0.0000031273817167384154,"_z":-8.419156250917633e-7,"_order":"XYZ"},"scale":{"x":1,"y":0.9999998211860658,"z":0.999999642372131},"name":"Bone016_end","children":[{"position":{"x":1.0430812924511201e-7,"y":0.684635102748871,"z":-2.9802322387695312e-8},"rotation":{"isEuler":true,"_x":1.639134103797809e-7,"_y":-0.0000018831341347749817,"_z":6.780029724226528e-7,"_order":"XYZ"},"scale":{"x":1,"y":1.0000000000000002,"z":1.0000000000000002},"name":"Bone016_end_end","children":[]}]}]}]}]}]},{"position":{"x":-1.2223417100879308e-8,"y":1.350518753922689,"z":-0.6131797734527891},"rotation":{"isEuler":true,"_x":-0.03911044317394447,"_y":0.609366071244385,"_z":1.640086985349628,"_order":"XYZ"},"scale":{"x":1.0000001192092896,"y":1.0000001192092893,"z":1.5559905213331693},"name":"shoulder_02_right","children":[{"position":{"x":-1.7811341176805187e-7,"y":0.8992460113548497,"z":1.0256144069230414e-7},"rotation":{"isEuler":true,"_x":-0.016546925160717766,"_y":0.05096031435041604,"_z":1.020665583969057,"_order":"XYZ"},"scale":{"x":0.9999999403953551,"y":0.9999997615785248,"z":0.9999999403979948},"name":"shoulder_01_right","children":[{"position":{"x":-0.16426594436942987,"y":1.4860247555190147,"z":0.07662225616850751},"rotation":{"isEuler":true,"_x":0.9882199340978298,"_y":-0.8696118739341459,"_z":0.5086840833166877,"_order":"XYZ"},"scale":{"x":0.9999999403827393,"y":0.9999998807813928,"z":1.787517166784999},"name":"elbow_right","children":[{"position":{"x":2.2341650964222487e-8,"y":1.4045748710715342,"z":7.450533235911597e-8},"rotation":{"isEuler":true,"_x":1.0514995781151957,"_y":0.025696746229082017,"_z":-0.18289993792198175,"_order":"XYZ"},"scale":{"x":1.000000357630458,"y":0.9999998211886609,"z":0.3768605943489308},"name":"wrist_right","children":[{"position":{"x":-2.533197385190533e-7,"y":0.6151750087738026,"z":-1.7881393388208267e-7},"rotation":{"isEuler":true,"_x":0.0000024102631407412065,"_y":0.0000022687006870867527,"_z":-7.413353954644056e-7,"_order":"XYZ"},"scale":{"x":1.0000001192092896,"y":1.0000002384185789,"z":1.0000001192092896},"name":"Bone020_end","children":[{"position":{"x":2.831220635712839e-7,"y":0.6151758432388301,"z":-2.086162567138672e-7},"rotation":{"isEuler":true,"_x":-0.0000014044340588017274,"_y":-0.0000016987329556948725,"_z":4.935997725627662e-7,"_order":"XYZ"},"scale":{"x":0.9999999403953553,"y":0.9999999999999998,"z":0.9999999403953551},"name":"Bone020_end_end","children":[]}]}]}]}]}]},{"position":{"x":2.5667463315122863e-7,"y":1.3035866132990135,"z":8.111641644095201e-8},"rotation":{"isEuler":true,"_x":0.33115259839642797,"_y":-2.5904176729704426e-7,"_z":6.697802434781606e-7,"_order":"XYZ"},"scale":{"x":0.5322241186003773,"y":1.0000000000000002,"z":0.5226782656640538},"name":"neck","children":[{"position":{"x":-4.249264301116382e-8,"y":0.3225899906531355,"z":0.06716384725815032},"rotation":{"isEuler":true,"_x":-0.24364767968954923,"_y":-5.718700123378234e-13,"_z":-2.2243084031923345e-13,"_order":"XYZ"},"scale":{"x":1.6403631419323428,"y":0.8613094150071028,"z":1.0000001206449785},"name":"head","children":[{"position":{"x":-3.2959746043559335e-16,"y":1.0533632040023795,"z":-4.4703483564195734e-8},"rotation":{"isEuler":true,"_x":-9.639190778898931e-8,"_y":1.301446064173237e-18,"_z":4.215644069162302e-16,"_order":"XYZ"},"scale":{"x":1,"y":0.999999761581421,"z":0.9999997615814212},"name":"Bone004_end","children":[{"position":{"x":3.469446951953614e-18,"y":1.0533627271652222,"z":5.587935447692871e-8},"rotation":{"isEuler":true,"_x":-2.3283064382734194e-9,"_y":-1.8211224076089256e-20,"_z":1.3686490710650256e-17,"_order":"XYZ"},"scale":{"x":1,"y":1.0000000000000002,"z":1.0000000000000002},"name":"Bone004_end_end",